unidad,linicialaceite,lfinalaceite,comentarios,cantidadlitros,fecha,preciol,Costo,Id
1032,2830,2834,CAMBIO DE ACEITE,4,18/02/2017,43.3,173.2,1
1078,2834,2858,CAMBIO DE ACEITE,24,18/02/2017,43.3,1039.2,2
136,2858,2862,CAMBIO DE ACEITE,4,18/02/2017,43.3,173.2,3
138,2862,2866,CAMBIO DE ACEITE,4,20/02/2017,43.3,173.2,4
1089,2866,2875,CAMBIO DE ACEITE Y FILTROS,9,20/02/2017,43.3,389.7,7
1072,2875,2880,CAMBIO DE ACEITE Y FILTROS,5,20/02/2017,43.3,216.5,8
1039,2880,2888,CAMBIO DE ACEITE Y FILTROS,8,22/02/2017,43.3,346.4,9
1076,2888,2893,CAMBIO DE ACEITE Y FILTROS,5,23/02/2017,43.3,216.5,10
1074,2893,2898,CAMBIO DE ACEITE Y FILTROS,5,25/02/2017,43.3,216.5,11
1083,2898,2906,CAMBIO DE ACEITE Y FILTROS,8,25/02/2017,43.3,346.4,12
1018,2906,2947,CAMBIO DE ACEITE Y FILTROS,41,25/02/2017,43.3,1775.3,13
1048,2947,2954,CAMBIO DE ACEITE Y FILTROS,7,27/02/2017,43.3,303.1,14
1031,2954,2967,RELLENO DE ACEITE,13,28/02/2017,43.3,562.9,15
1075,2967,2972,CAMBIO DE ACEITE Y FILTROS,5,01/03/2017,43.3,216.5,16
1062,2972,2980,CAMBIO DE ACEITE Y FILTROS,8,01/03/2017,43.3,346.4,17
1037,2980,2988,CAMBIO DE ACEITE Y FILTROS,8,01/03/2017,43.3,346.4,18
137,2988,2992,CAMBIO DE ACEITE Y FILTROS,4,02/03/2017,43.3,173.2,19
1031,2992,2996,RELLENO DE ACEITE,4,02/03/2017,43.3,173.2,20
L0008,2996,3000,RELLENO DE ACEITE,4,03/03/2017,43.3,173.2,21
1061,3000,3008,CAMBIO DE ACEITE Y FILTROS,8,04/03/2017,43.3,346.4,22
1046,3008,3011,RELLENO DE ACEITE,3,06/03/2017,43.3,129.9,23
1031,3011,3015,RELLENO DE ACEITE,4,07/03/2017,43.3,173.2,24
1077,3015,3020,CAMBIO DE ACEITE,5,07/03/2017,43.3,216.5,25
1031,3020,3026,RELLENO DE ACEITE,6,08/03/2017,43.3,259.8,26
1081,3026,3034,CAMBIO DE ACEITE,8,08/03/2017,43.3,346.4,27
1085,3034,3057,CAMBIO DE ACEITE,23,09/03/2017,43.3,995.9,28
1031,3057,3063,RELLENO DE ACEITE,6,10/03/2017,43.3,259.8,29
1057,3063,3071,CAMBIO DE ACEITE,8,11/03/2017,43.3,346.4,30
1080,3071,3096,CAMBIO DE ACEITE,25,11/03/2017,43.3,1082.5,31
1088,3096,3102,CAMBIO DE ACEITE Y FILTRO,6,13/03/2017,43.3,259.8,32
1060,3102,3110,CAMBIO DE ACEITE Y FILTROS,8,13/03/2017,43.3,346.4,33
1070,3110,3120,CAMBIO DE ACEITE Y FILTROS,10,14/03/2017,43.3,433,35
1066,3120,3140,CAMBIO DE ACEITE Y FILTROS,20,14/03/2017,43.3,866,36
1036,3140,3145,RELLENO DE ACEITE,5,14/03/2017,43.3,216.5,37
1031,3145,3149,RELLENO DE ACEITE,4,14/03/2017,43.3,173.2,38
1025,3149,3157,CAMBIO DE ACEITE Y FILTROS,8,14/03/2017,43.3,346.4,39
1030,3157,3199,"CAMBIO DE ACEITE Y FILTROS ,MILLAS",42,14/03/2017,43.3,1818.6,40
1047,3199,3207,CAMBIO DE ACEITE Y FILTROS,8,14/03/2017,43.3,346.4,41
1031,3207,3213,RELLENO DE ACEITE,6,15/03/2017,43.3,259.8,42
1087,3213,3221,CAMBIO DE ACEITE Y FILTROS,8,15/03/2017,43.3,346.4,43
1036,3221,3229,CAMBIO DE ACEITE Y FILTROS,8,15/03/2017,43.3,346.4,44
131,3229,3234,CAMBIO DE ACEITE Y FILTROS,5,16/03/2017,43.3,216.5,45
1089,3234,3242,CAMBIO DE ACEITE Y FILTROS,8,17/03/2017,43.3,346.4,46
1031,3242,3248,RELLENO DE ACEITE,6,17/03/2017,43.3,259.8,47
1079,3248,3268,CAMBIO DE ACEITE Y FILTROS,20,18/03/2017,43.3,866,48
1069,3268,3278,CAMBIO DE ACEITE Y FILTRO,10,18/03/2017,43.3,433,49
1045,3278,3286,CAMBIO DE ACEITE Y FILTROS,8,21/03/2017,43.3,346.4,50
1031,3286,3292,RELLENO DE ACEITE,6,21/03/2017,43.3,259.8,51
1046,3292,3300,CAMBIO DE ACEITE Y FILTROS,8,21/03/2017,43.3,346.4,52
1086,3300,3305,RELLENO DE ACEITE,5,21/03/2017,43.3,216.5,53
1053,3305,3308,RELLENO DE ACEITE,3,22/03/2017,43.3,129.9,54
L0009,3308,3348,CAMBIO DE ACEITE Y FILTROS,40,22/03/2017,43.3,1732,55
1031,3348,3354,RELLENO DE ACEITE,6,22/03/2017,43.3,259.8,56
1076,3354,3359,CAMBIO DE ACEITE Y FILTROS,5,23/03/2017,43.3,216.5,57
1031,3359,3368,RELLENO DE ACEITE,9,24/03/2017,43.3,389.7,58
1073,3368,3372,CAMBIO DE ACEITE Y FILTROS,4,24/03/2017,43.3,173.2,59
1017,3372,3376,RELLENO DE ACEITE,4,25/03/2017,43.3,173.2,60
130,3376,3381,CAMBIO DE ACEITE Y FILTROS,5,25/03/2017,43.3,216.5,61
L0008,3381,3385,RELLENO DE ACEITE,4,25/03/2017,43.3,173.2,62
1072,3385,3390,CAMBIO DE ACEITE Y FILTROS,5,27/03/2017,43.3,216.5,63
1031,3390,3398,RELLENO DE ACEITE,8,27/03/2017,43.3,346.4,64
143,3398,3403,CAMBIO DE ACEITE Y FILTROS,5,27/03/2017,43.3,216.5,65
1032,3403,3407,RELLENO DE ACEITE,4,27/03/2017,43.3,173.2,66
1068,3407,3411,RELLENO DE ACEITE,4,29/03/2017,43.3,173.2,67
1031,3411,3415,RELLENO DE ACEITE,4,29/03/2017,43.3,173.2,68
1048,3415,3423,CAMBIO DE ACEITE Y FILTROS,8,29/03/2017,43.3,346.4,69
1011,3423,3465,CAMBIO DE ACEITE Y FILTRO,42,29/03/2017,43.3,1818.6,70
1031,3465,3475,RELLENO DE ACEITE,10,30/03/2017,43.3,433,71
1056,3475,3480,RELLENO DE ACEITE,5,30/03/2017,43.3,216.5,72
L0008,3480,3488,RELLENO DE ACEITE,8,30/03/2017,43.3,346.4,73
1041,3488,3496,CAMBIO DE ACEITE Y FILTROS,8,31/03/2017,43.3,346.4,74
1007,3496,3500,RELLENO DE ACEITE,4,01/04/2017,43.3,173.2,75
1028,3500,3508,CAMBIO DE ACEITE Y FILTROS,8,01/04/2017,43.3,346.4,76
1065,3508,3528,CAMBIO DE FILTROS Y DE ACEITE,20,01/04/2017,43.3,866,77
135,3528,3533,CAMBIO DE ACEITE Y FILTROS,5,03/04/2017,43.3,216.5,78
1031,3533,3543,RELLENO DE ACEITE,10,04/04/2017,43.3,433,79
L0009,3543,3553,RELLENO DE ACEITE,10,05/04/2017,43.3,433,80
1031,3553,3558,RELLENO DE ACEITE,5,06/04/2017,43.3,216.5,81
1029,3558,3566,CAMBIO DE ACEITE Y FILTROS,8,06/04/2017,43.3,346.4,82
1031,3566,3571,RELLENO DE ACEITE,5,07/04/2017,43.3,216.5,83
1037,3571,3579,CAMBIO DE ACEITE Y FILTROS,8,07/04/2017,43.3,346.4,84
140,3579,3584,CAMBIO DE ACEITE Y FILTROS,5,08/04/2017,43.3,216.5,85
1088,3584,3592,CAMBIO DE ACEITE Y FILTROS,8,08/04/2017,43.3,346.4,86
1074,3592,3597,CAMBIO DE ACEITE Y FILTRO,5,10/04/2017,43.3,216.5,87
1031,3597,3607,RELLENO DE ACEITE,10,10/04/2017,43.3,433,88
1081,3607,3615,CAMBIO DE ACEITE Y FILTROS,8,10/04/2017,43.3,346.4,89
1049,3615,3620,RELLENO DE ACEITE,5,11/04/2017,43.3,216.5,90
1036,3620,3628,CAMBIO DE ACEITE Y FILTROS,8,11/04/2017,43.3,346.4,91
L0008,3628,3632,RELLENO DE ACEITE,4,11/04/2017,43.3,173.2,92
1031,3632,3640,RELLENO DE ACEITE,8,12/04/2017,43.3,346.4,93
1062,3640,3648,CAMBIO DE ACEITE Y FILTROS,8,12/04/2017,43.3,346.4,94
1087,3648,3656,CAMBIO DE ACEITE Y FILTROS,8,12/04/2017,43.3,346.4,95
1075,3656,3661,CAMBIO DE ACEITE Y FILTROS,5,13/04/2017,43.3,216.5,96
1076,3661,3667,CAMBIO DE ACEITE Y FILTROS,6,13/04/2017,43.3,259.8,97
1050,3667,3687,CAMBIO DE ACEITE Y FILTROS,20,13/04/2017,43.3,866,98
1063,3687,3707,CAMBIO DE ACEITE Y FILTROS,20,14/04/2017,43.3,866,99
1026,3707,3715,CAMBIO DE ACEITE Y FILTROS,8,14/04/2017,43.3,346.4,100
1085,3715,3720,RELLENO DE ACEITE,5,15/04/2017,43.3,216.5,101
1031,3720,3729,RELLENO DE ACEITE,9,15/04/2017,43.3,389.7,102
1064,3729,3750,CAMBIO DE ACEITE Y FILTROS,21,17/04/2017,43.3,909.3,103
139,3750,3755,CAMBIO DE ACEITE Y FILTROS,5,17/04/2017,43.3,216.5,104
1031,3755,3759,RELLENO DE ACEITE,4,18/04/2017,43.3,173.2,105
1070,3759,3769,CAMBIO DE ACEITE Y FILTROS,10,18/04/2017,43.3,433,106
1031,3769,3780,RELLENO DE ACEITE,11,19/04/2017,43.3,476.3,107
L0008,3780,3785,RELLENO DE ACEITE,5,19/04/2017,43.3,216.5,108
1034,3785,3793,CAMBIO DE ACEITE Y FILTROS,8,19/04/2017,43.3,346.4,109
1056,3793,3798,RELLENO DE ACEITE,5,20/04/2017,43.3,216.5,110
1031,3798,3803,RELLENO DE ACEITE,5,20/04/2017,43.3,216.5,111
1077,3803,3808,CAMBIO DE ACEITE Y FILTROS,5,20/04/2017,43.3,216.5,112
1039,3808,3816,CAMBIO DE ACEITE Y FILTROS,8,20/04/2017,43.3,346.4,113
L0009,3816,3820,RELLENO DE ACEITE,4,21/04/2017,43.3,173.2,114
1069,3820,3830,CAMBIO DE ACEITE Y FILTROS,10,22/04/2017,43.3,433,115
1031,3830,3840,RELLENO DE ACEITE,10,22/04/2017,43.3,433,116
1052,3840,3860,CAMBIO DE ACEITE Y FILTROS,20,22/04/2017,43.3,866,117
141,3860,3865,CAMBIO DE ACEITE Y FILTRO,5,25/04/2017,43.3,216.5,118
1053,3865,3869,RELLENO DE ACEITE,4,25/04/2017,43.3,173.2,119
1032,3869,3874,RELLENO DE ACEITE,5,25/04/2017,43.3,216.5,120
1031,3874,3884,RELLENO,10,25/04/2017,43.3,433,121
1046,3884,3891,CAMBIO DE ACEITE Y FILTRO,7,25/04/2017,43.3,303.1,122
L0009,3891,3928,,37,26/04/2017,43.3,1602.1,123
1031,3928,3938,RELLENO,10,27/04/2017,43.3,433,124
1008,3938,3973,CAMBIO DE ACEITE Y FILTROS,35,27/04/2017,43.3,1515.5,125
1072,3973,3977,CAMBIO DE ACEITE Y FILTRO,4,28/04/2017,43.3,173.2,126
1038,3977,3983,CAMBIO DE ACEITE Y FILTRO,6,28/04/2017,43.3,259.8,127
1089,3983,3989,CAMBIO DE ACEITE Y FILTRO,6,28/04/2017,43.3,259.8,128
1010,3989,4024,CAMBIO DE ACEITE Y FILTROS,35,01/05/2017,43.3,1515.5,129
1032,4024,4059,CAMBIO DE ACEITE Y FILTROS,35,01/05/2017,43.3,1515.5,130
133,4059,4063,CAMBIO DE ACEITE Y FILTROS,4,02/05/2017,43.3,173.2,131
1088,4063,4071,CAMBIO DE ACEITE Y FILTRO,8,02/05/2017,43.3,346.4,132
1047,4071,4078,CAMBIO DE ACEITE Y FILTROS,7,02/05/2017,43.3,303.1,133
1045,4078,4085,CAMBIO DE ACEITE Y FILTRO,7,02/05/2017,43.3,303.1,134
1062,4085,4092,CAMBIO DE ACEITE Y FILTROS,7,03/05/2017,43.3,303.1,135
1087,4092,4099,CAMBIO DE ACEITE Y FILTROS,7,04/05/2017,43.3,303.1,136
132,4099,4103,CAMBIO DE ACEITE Y FILTROS,4,04/05/2017,43.3,173.2,137
1031,4103,4111,RELLENO DE ACEITE,8,04/05/2017,43.3,346.4,138
L0008,4111,4151,CAMBIO DE ACEITE Y FILTROS,40,04/05/2017,43.3,1732,139
1048,4151,4158,CAMBIO DE ACEITE Y FILTROS,7,05/05/2017,43.3,303.1,140
1046,4158,4165,CAMBIO DE ACEITE Y FILTROS,7,05/05/2017,43.3,303.1,141
1028,4165,4172,CAMBIO DE ACEITE Y FILTROS,7,05/05/2017,43.3,303.1,142
1061,4172,4179,CAMBIO DE ACEITE Y FILTROS,7,05/05/2017,43.3,303.1,143
1031,4179,4187,RELLENO DE ACEITE,8,05/05/2017,43.3,346.4,144
1085,4187,4212,CAMBIO DE ACEITE Y FILTROS,25,06/05/2017,43.3,1082.5,145
1084,4212,4232,CAMBIO DE ACEITE Y FILTROS,20,06/05/2017,43.3,866,146
1060,4232,4239,CAMBIO DE ACEITE Y FILTROS,7,06/05/2017,43.3,303.1,147
1042,4239,4246,CAMBIO DE ACEITE Y FILTROS,7,06/05/2017,43.3,303.1,148
1018,4246,4250,RELLENO,4,08/05/2017,43.3,173.2,149
1081,4250,4257,CAMBIO DE ACEITE Y FILTROS,7,08/05/2017,43.3,303.1,150
1031,4257,4261,RELLENO,4,08/05/2017,43.3,173.2,151
1079,4261,4263,RELLENO,2,08/05/2017,43.3,86.6,152
1009,4263,4300,CAMBIO DE ACEITE Y FILTROS,37,08/05/2017,43.3,1602.1,153
1031,4300,4308,RELLENO DE ACEITE,8,09/05/2017,43.3,346.4,154
1084,4308,4313,SE LE PUSIERON 5 LITROS DE RELLENO,5,09/05/2017,43.3,216.5,155
1073,4313,4318,CAMBIO DE ACEITE Y FILTROS,5,09/05/2017,43.3,216.5,156
1044,4318,4325,CAMBIO DE ACEITE Y FILTROS,7,09/05/2017,43.3,303.1,157
1091,4325,4329,RELLENO DE ACEITE,4,10/05/2017,43.3,173.2,158
136,4329,4333,CAMBIO DE ACEITE Y FILTROS,4,10/05/2017,43.3,173.2,159
141,4333,4337,CAMBIO DE ACEITE Y FILTROS,4,11/05/2017,43.3,173.2,160
1051,4337,4358,CAMBIO DE ACEITE Y FILTROS,21,11/05/2017,43.3,909.3,161
1049,4358,4362,RELLENO DE ACEITE,4,11/05/2017,43.3,173.2,162
1086,4362,4387,CAMBIO DE ACEITE Y FILTROS,25,12/05/2017,43.3,1082.5,163
1031,4387,4398,RELLENO,11,12/05/2017,43.3,476.3,164
1033,4398,4433,CAMBIO DE ACEITE Y FILTROS,35,13/05/2017,43.3,1515.5,165
1031,4433,4443,RELLENO DE ACEITE,10,15/05/2017,43.3,433,166
1017,4443,4480,CAMBIO DE ACEITE Y FILTROS,37,15/05/2017,43,1591,167
1007,4480,4517,CAMBIO DE ACEITE Y FILTROS,37,15/05/2017,43.3,1602.1,168
1078,4517,4518,RELLENO,1,16/05/2017,43.3,43.3,169
1031,4518,4528,RELLENO,10,16/05/2017,43.3,433,170
L0009,4528,4568,CAMBIO DE ACEITE Y FILTROS,40,16/05/2017,43.3,1732,171
1023,4568,4575,CAMBIO DE ACEITE Y FILTROS,7,17/05/2017,43.3,303.1,172
1031,4575,4587,RELLENO,12,18/05/2017,43.3,519.6,173
1090,4587,4602,CAMBIO DE ACEITE Y FILTROS,15,19/05/2017,43.3,649.5,174
1031,4602,4613,RELLENO,11,19/05/2017,43.3,476.3,175
1069,4613,4622,CAMBIO DE ACEITE Y FILTROS,9,19/05/2017,43.3,389.7,176
1031,4622,4632,RELLENO,10,22/05/2017,43.3,433,177
1089,4632,4640,CAMBIO DE ACEITE Y FILTROS,8,24/05/2017,43.3,346.4,178
1053,4640,4647,RELLENO,7,24/05/2017,43.3,303.1,179
1038,4647,4649,RELLENO,2,24/05/2017,43.3,86.6,180
1072,4649,4650,#¨NOMBRE?,1,24/05/2017,43.3,43.3,181
1018,4650,4655,#¨NOMBRE?,5,24/05/2017,43.3,216.5,182
1031,4655,4660,#¨NOMBRE?,5,25/05/2017,43.3,216.5,183
1088,4660,4667,CAMBIO DE ACEITE Y FILTROS,7,27/05/2017,43.3,303.1,184
1074,4667,4672,#¨NOMBRE?,5,27/05/2017,43.3,216.5,185
138,4672,4681,,9,27/05/2017,43.3,389.7,186
1077,4681,4686,#¨NOMBRE?,5,29/05/2017,43.3,216.5,187
1039,4686,4693,#¨NOMBRE?,7,29/05/2017,43.3,303.1,188
1076,4693,4698,#¨NOMBRE?,5,29/05/2017,43.3,216.5,189
L009,4698,4703,#¨NOMBRE?,5,29/05/2017,43,215,190
1029,4703,4710,#¨NOMBRE?,7,30/05/2017,43.3,303.1,191
1081,4710,4717,#¨NOMBRE?,7,30/05/2017,43.3,303.1,192
1022,4717,4722,#¨NOMBRE?,5,31/05/2017,43.3,216.5,193
1062,4722,4729,#¨NOMBRE?,7,31/05/2017,43.3,303.1,194
1070,4729,4738,#¨NOMBRE?,9,01/06/2017,43,387,195
1075,4738,4743,#¨NOMBRE?,5,02/06/2017,43.3,216.5,198
1031,4743,4748,#¨NOMBRE?,5,02/06/2017,43.3,216.5,199
1025,4748,4753,#¨NOMBRE?,5,02/06/2017,43.3,216.5,200
137,4753,4760,#¨NOMBRE?,7,02/06/2017,43.3,303.1,201
1046,4760,4767,#¨NOMBRE?,7,02/06/2017,43.3,303.1,202
1067,4767,4772,#¨NOMBRE?,5,03/06/2017,43.3,216.5,203
1068,4772,4787,#¨NOMBRE?,15,03/06/2017,43.3,649.5,204
1068,4787,4789,#¨NOMBRE?,2,05/06/2017,43.3,86.6,205
1031,4789,4799,#¨NOMBRE?,10,05/06/2017,43.3,433,206
1072,4799,4806,#¨NOMBRE?,7,06/06/2017,43.3,303.1,207
1072,4806,4811,#¨NOMBRE?,5,06/06/2017,43.3,216.5,208
1018,4811,4815,#¨NOMBRE?,4,06/06/2017,43.3,173.2,209
1083,4815,4820,#¨NOMBRE?,5,06/06/2017,43.3,216.5,210
1083,4820,4827,#¨NOMBRE?,7,06/06/2017,43.3,303.1,211
1031,4827,4837,#¨NOMBRE?,10,07/06/2017,43.3,433,212
1045,4837,4844,#¨NOMBRE?,7,07/06/2017,43.3,303.1,213
1031,4844,4851,#¨NOMBRE?,7,08/06/2017,43.3,303.1,214
1048,4851,4858,#¨NOMBRE?,7,10/06/2017,43.3,303.1,215
1031,4858,4873,#¨NOMBRE?,15,10/06/2017,43.3,649.5,216
1053,4873,4911,CAMBIO DE ACEITE Y FILTROS,38,12/06/2017,43.3,1645.4,217
1044,4911,4918,CAMBIO DE ACEITE Y FILTROS,7,12/06/2017,43.3,303.1,218
1031,4918,4933,RELLENO DE ACEITE,15,14/06/2017,43.3,649.5,219
1036,4933,4935,RELLENO DE ACEITE,2,14/06/2017,43.3,86.6,220
1061,4935,4942,CAMBIO DE ACEITE Y FILTROS,7,14/06/2017,43.3,303.1,221
1031,4942,4958,RELLENO DE ACEITE,16,15/06/2017,43.3,692.8,222
1031,4958,4968,RELLENO,10,16/06/2017,43.3,433,223
143,4968,4972,CAMBIO DE ACEITE Y FILTRO,4,16/06/2017,43.3,173.2,224
1067,4972,4989,CAMBIO DE ACEITE Y FILTROS,17,17/06/2017,43.3,736.1,225
1074,4989,4994,CAMBIO DE ACEITE Y FILTROS,5,19/06/2017,43.3,216.5,226
1060,4994,5001,CAMBIO DE ACEITE Y FILTROS,7,19/06/2017,43.3,303.1,227
1063,5001,5019,CAMBIO DE ACEITE Y FILTROS.,18,19/06/2017,43.3,779.4,228
1031,5019,5034,RELLENO,15,19/06/2017,43.3,649.5,229
1080,5034,5057,CAMBIO DE ACEITE Y FILTROS,23,19/06/2017,43.3,995.9,230
1059,5057,5064,CAMBIO DE ACEITE Y FILTROS.,7,21/06/2017,43.3,303.1,231
1031,5064,5079,RELLENO DE ACEITE,15,21/06/2017,43.3,649.5,232
1088,5079,5086,CAMBIO DE ACEITE Y FILTROS,7,21/06/2017,43.3,303.1,233
1036,5086,5093,CAMBIO DE ACEITE Y FILTROS,7,21/06/2017,43.3,303.1,234
L011,5093,5103,RELLENO DE ACEITE,10,22/06/2017,43.3,433,235
1031,5103,5118,RELLENO DE ACEITE,15,22/06/2017,43.3,649.5,236
1049,5118,5158,CAMBIO DE ACEITE Y FILTROS,40,22/06/2017,43.3,1732,237
1069,5158,5167,CAMBIO DE ACEITE Y FILTROS,9,22/06/2017,43.3,389.7,238
1066,5167,5184,CAMBIO DE ACEITE Y FILTROS,17,23/06/2017,43.3,736.1,239
L009,5184,5226,CAMBIO DE ACEITE Y FILTROS,42,23/06/2017,43.3,1818.6,240
1050,5226,5243,CAMBIO DE ACEITE Y FILTROS,17,23/06/2017,43.3,736.1,241
1089,5243,5250,CAMBIO DE ACEITE Y FILTROS,7,23/06/2017,43.3,303.1,242
1064,5250,5267,CAMBIO DE ACEITE Y FILTROS,17,23/06/2017,43.3,736.1,243
1037,5267,5274,CAMBIO DE ACEITE Y FILTROS,7,27/06/2017,43.3,303.1,244
140,5274,5279,CAMBIO DE ACEITE Y FILTRO.,5,28/06/2017,43.3,216.5,245
1012,5279,5314,CAMBIO DE ACEITE Y FILTROS,35,28/06/2017,43.3,1515.5,246
131,5314,5318,CAMBIO DE ACEITE Y FILTROS,4,28/06/2017,43.3,173.2,247
1047,5318,5325,CAMBIO DE ACEITE Y FILTROS.,7,28/06/2017,43.3,303.1,248
1062,5325,5332,CAMBIO DE ACEITE Y FILTROS,7,30/06/2017,43.3,303.1,249
L009,5332,5340,RELLENO,8,30/06/2017,43.3,346.4,250
1065,5340,5356,CAMBIO DE ACEITE Y FILTROS,16,01/07/2017,43.3,692.8,251
1073,5356,5361,CAMBIO DE ACEITE Y FILTROS,5,04/07/2017,43.3,216.5,252
1031,5361,5376,RELLENO DE ACEITE,15,04/07/2017,43.3,649.5,253
1078,5376,5400,CAMBIO DE ACEITE Y FILTROS,24,04/07/2017,43.3,1039.2,254
1072,5400,5405,CAMBIO DE ACEITE Y FILTROS,5,05/07/2017,43.3,216.5,255
1070,5405,5414,CAMBIO DE ACEITE Y FILTROS,9,06/07/2017,43.3,389.7,256
1031,5414,5429,RELLENO DE ACEITE,15,06/07/2017,43.3,649.5,257
130,5429,5433,CAMBIO DE ACEITE Y FILTROS,4,07/07/2017,43.3,173.2,258
1076,5433,5438,CAMBIO DE ACEITE Y FILTROS,5,07/07/2017,43.3,216.5,259
1031,5438,5446,RELLENO DE ACEITE,8,07/07/2017,43.3,346.4,260
1077,5446,5451,CAMBIO DE ACEITE Y FILTROS,5,08/07/2017,43.3,216.5,261
1026,5451,5458,CAMBIO DE ACEITE Y FILTROS,7,08/07/2017,43.3,303.1,262
1086,5458,5483,CAMBIO DE ACEITE Y FILTROS,25,08/07/2017,43.3,1082.5,263
1075,5483,5488,CAMBIO DE ACEITE Y FILTROS,5,10/07/2017,43.3,216.5,264
1031,5488,5503,RELLENO DE ACEITE,15,10/07/2017,43.3,649.5,265
1054,5503,5507,RELLENO DE ACEITE,4,10/07/2017,43.3,173.2,266
1085,5507,5532,CAMBIO DE ACEITE Y FILTROS,25,11/07/2017,43.3,1082.5,267
1090,5532,5551,CAMBIO DE ACEITE Y FILTROS,19,13/07/2017,43.3,822.7,268
L0008,5551,5555,RELLENO DE ACEITE,4,13/07/2017,43.3,173.2,269
1017,5555,5558,RELLENO DE ACEITE,3,15/07/2017,43.3,129.9,270
1087,5558,5565,CAMBIO DE ACEITE Y FILTROS,7,15/07/2017,43.3,303.1,271
1058,5565,5572,CAMBIO DE ACEITE Y FILTROS,7,15/07/2017,43.3,303.1,272
1028,5572,5579,CAMBIO DE ACEITE Y FILTROS,7,17/07/2017,43.3,303.1,273
1089,5579,5586,CAMBIO DE ACEITE Y FILTROS,7,18/07/2017,43.3,303.1,274
1068,5586,5589,RELLENO DE ACEITE,3,19/07/2017,43.3,129.9,275
1057,5589,5596,CAMBIO DE ACEITE Y FILTROS,7,19/07/2017,43.3,303.1,276
133,5596,5600,CAMBIO DE ACEITE Y FILTROS,4,19/07/2017,43.3,173.2,277
1088,5600,5607,CAMBIO DE ACEITE Y FILTROS,7,20/07/2017,43.3,303.1,278
1060,5607,5614,CAMBIO DE ACEITE Y FILTROS,7,20/07/2017,43.3,303.1,279
1081,5614,5621,CAMBIO DE ACEITE Y FILTROS,7,20/07/2017,43.3,303.1,280
1083,5621,5628,CAMBIO DE ACEITE Y FILTROS,7,21/07/2017,43.3,303.1,281
142,5628,5632,CAMBIO DE ACEITE Y FILTROS,4,21/07/2017,43.3,173.2,282
1046,5632,5639,CAMBIO DE ACEITE Y FILTROS,7,21/07/2017,43.3,303.1,283
1093,5639,5657,CAMBIO DE ACEITE Y FILTROS,18,21/07/2017,43.3,779.4,284
1023,5657,5663,CAMBIO DE ACEITE Y FILTROS,6,22/07/2017,43.3,259.8,285
1051,5663,5681,CAMBIO DE ACEITE Y FILTROS,18,24/07/2017,43.3,779.4,286
1029,5681,5688,CAMBIO DE ACEITE Y FILTROS,7,25/07/2017,43.3,303.1,287
1074,5688,5693,CAMBIO DE ACEITE Y FILTROS,5,25/07/2017,43.3,216.5,288
1067,5693,5698,RELLENO DE ACEITE,5,26/07/2017,43.3,216.5,289
1052,5698,5716,CAMBIO DE ACEITE Y FILTROS,18,26/07/2017,43.3,779.4,290
1034,5716,5723,CAMBIO DE ACEITE Y FILTROS,7,27/07/2017,43.3,303.1,291
1038,5723,5730,,7,27/07/2017,43.3,303.1,292
1,5730,5737,CAMBIO DE ACEITE Y FILTROS,7,27/07/2017,43.3,303.1,293
136,5737,5741,CAMBIO DE ACEITE Y FILTROS,4,28/07/2017,43.3,173.2,294
6,5741,5748,CAMBIO DE ACEITE Y FILTROS,7,28/07/2017,43.3,303.1,295
5,5748,5755,CAMBIO DE ACEITE Y FILTROS,7,28/07/2017,43.3,303.1,296
1017,5755,5790,CAMBIO DE ACEITE Y FILTROS,35,29/07/2017,43.3,1515.5,297
3,5790,5797,CAMBIO DE ACEITE Y FILTROS,7,29/07/2017,43.3,303.1,298
1054,5797,5832,CAMBIO DE ACEITE Y FILTROS,35,31/07/2017,43.3,1515.5,299
4,5832,5839,CAMBIO DE ACEITE Y FILTRO,7,31/07/2017,43.3,303.1,300
1061,5839,5846,CAMBIO DE ACEITE Y FILTROS,7,01/08/2017,43.3,303.1,301
1030,5846,5878,CAMBIO DE ACEITE Y FILTROS,32,01/08/2017,43.3,1385.6,302
1073,5878,5883,CAMBIO DE ACEITE Y FILTROS,5,01/08/2017,43.3,216.5,303
1079,5883,5908,CAMBIO DE ACEITE Y FILTROS,25,03/08/2017,43.3,1082.5,304
L011,5908,5912,RELLENO DE ACEITE,4,03/08/2017,43.3,173.2,305
2,5912,5919,CAMBIO DE ACEITA Y FILTROS,7,03/08/2017,43.3,303.1,306
139,5919,5923,CAMBIO DE ACEITE Y FILTROS,4,03/08/2017,43.3,173.2,307
L0008,5923,5926,RELLENO DE ACEITE,3,04/08/2017,43.3,129.9,308
1069,5926,5935,CAMBIO DE ACEITA Y FILTROS,9,04/08/2017,43.3,389.7,309
1044,5935,5937,RELLENO DE ACEITE,2,07/08/2017,43.3,86.6,310
1018,5937,5975,CAMBIO DE ACEITE Y FILTROS,38,07/08/2017,43.3,1645.4,311
L011,5975,5976,RELLENO DE ACEITE,1,08/08/2017,43.3,43.3,312
1044,5976,5983,CAMBIO DE ACEITE Y FILTROS,7,09/08/2017,43.3,303.1,313
1039,5983,5990,CAMBIO DE ACEITE Y FILTROS,7,10/08/2017,43.3,303.1,314
1077,5990,5995,CAMBIO DE ACEITE Y FILTROS,5,10/08/2017,43.3,216.5,315
1072,5995,6000,CAMBIO DE ACEITE Y FILTROS,5,11/08/2017,43.3,216.5,316
141,6000,6004,CAMBIO DE ACEITE Y FILTROS,4,11/08/2017,43.3,173.2,317
L011,6004,6005,SE RELLENO,1,14/08/2017,43.3,43.3,318
1075,6005,6010,CAMBIO DE ACEITE Y FILTROS,5,15/08/2017,43.3,216.5,319
1070,6010,6019,CAMBIO DE ACEITE Y FILTROS,9,15/08/2017,43.3,389.7,320
1091,6019,6035,CAMBIO DE ACEITE Y FILTROS,16,15/08/2017,43.3,692.8,321
1098,6035,6038,RELLENO,3,16/08/2017,43.3,129.9,322
1088,6038,6045,CAMBIO DE ACEITE Y FILTROS,7,17/08/2017,43.3,303.1,323
1054,6045,6049,RELLENO,4,18/08/2017,43.3,173.2,324
1096,6049,6053,RELLENO,4,18/08/2017,43.3,173.2,325
1036,6053,6060,CAMBIO DE ACEITE Y FILTROS,7,19/08/2017,43.3,303.1,326
1041,6060,6067,CAMBIO DE ACEITE Y FILTROS,7,19/08/2017,43.3,303.1,327
L011,6067,6068,RELLENO,1,19/08/2017,43.3,43.3,328
1098,6068,6070,RELLENO,2,19/08/2017,43.3,86.6,329
1,6070,6077,CAMBIO DE ACEITE Y FILTROS,7,19/08/2017,43.3,303.1,330
L011,6077,6081,RELLENO,4,19/08/2017,43.3,173.2,331
1060,6081,6088,CAMBIO DE ACEITE Y FILTROS,7,19/08/2017,43.3,303.1,332
6,6088,6095,CAMBIO DE ACEITE Y FILTROS.,7,21/08/2017,43.3,303.1,333
138,6095,6099,CAMBIO DE ACEITE Y FILTROS,4,21/08/2017,43.3,173.2,334
4,6099,6106,CAMBIO DE ACEITE Y FILTROS,7,22/08/2017,43.3,303.1,335
1047,6106,6113,CAMBIO DE ACEITE Y FILTROS.,7,22/08/2017,43.3,303.1,336
1062,6113,6120,CAMBIO DE ACEITE Y FILTROS,7,22/08/2017,43.3,303.1,337
1050,6120,6138,CAMBIO DE ACEITE Y FILTROS,18,23/08/2017,43.3,779.4,338
1083,6138,6145,CAMBIO DE ACEITE Y FILTROS,7,23/08/2017,43.3,303.1,339
1031,6145,6150,RELLENO,5,23/08/2017,43.3,216.5,340
1037,6150,6157,CAMBIO DE ACEITE Y FILTROS,7,24/08/2017,43.3,303.1,341
1086,6157,6163,RELLENO,6,25/08/2017,43.3,259.8,342
L0009,6163,6170,RELLENO,7,25/08/2017,43.3,303.1,343
1011,6170,6176,RELLENO,6,25/08/2017,43.3,259.8,344
2,6176,6183,CAMBIO DE ACEITE Y FILTROS,7,25/08/2017,43.3,303.1,345
1068,6183,6201,CAMBIO DE ACEITE Y FILTROS,18,28/08/2017,43.3,779.4,346
1054,6201,6204,RELLENO,3,28/08/2017,43.3,129.9,347
1094,6204,6221,CAMBIO DE ACEITE Y FILTROS,17,28/08/2017,43.3,736.1,348
1095,6221,6238,CAMBIO DE ACEITE Y FILTROS,17,28/08/2017,43.3,736.1,349
1032,6238,6241,RELLENO,3,28/08/2017,43.3,129.9,350
L011,6241,6249,RELLENO,8,28/08/2017,43.3,346.4,351
1087,6249,6256,CAMBIO DE ACEITE Y FILTROS,7,28/08/2017,43.3,303.1,352
1056,6256,6258,RELLENO,2,29/08/2017,43.3,86.6,353
1073,6258,6263,CAMBIO DE ACEITE Y FILTROS,5,29/08/2017,43.3,216.5,354
1085,6263,6288,CAMBIO DE ACEITE Y FILTROS,25,30/08/2017,43.3,1082.5,355
5,6288,6295,CAMBIO DE ACEITE Y FILTROS,7,30/08/2017,43.3,303.1,356
1048,6295,6302,CAMBIO DE ACEITE Y FILTROS,7,30/08/2017,43.3,303.1,357
1089,6302,6309,CAMBIO DE ACEITE Y FILTROS,7,31/08/2017,43.3,303.1,358
143,6309,6313,CAMBIO DE ACEITE Y FILTROS,4,01/09/2017,43.3,173.2,359
1081,6313,6320,CAMBIO DE ACEITE Y FILTROS,7,02/09/2017,43.3,303.1,360
1061,6320,6327,CAMBIO DE ACEITE Y FILTROS,7,02/09/2017,43.3,303.1,361
1064,6327,6344,CAMBIO DE ACEITE Y FILTROS,17,04/09/2017,43.3,736.1,362
1086,6344,6369,CAMBIO DE ACEITE Y FILTROS,25,05/09/2017,43.3,1082.5,363
1076,6369,6374,CAMBIO DE ACEITE Y FILTROS,5,06/09/2017,43.3,216.5,364
1036,6374,6377,RELLENO,3,06/09/2017,43.3,129.9,365
1074,6377,6382,CAMBIO DE ACEITE Y FILTROS,5,07/09/2017,43.3,216.5,366
1092,6382,6400,CAMBIO DE ACEITE Y FILTROS,18,08/09/2017,43.3,779.4,367
130,6400,6404,CAMBIO DE ACEITE Y FILTROS,4,11/09/2017,43.3,173.2,368
1044,6404,6411,CAMBIO DE ACEITE Y FILTROS,7,13/09/2017,43.3,303.1,369
3,6411,6418,CAMBIO DE ACEITE Y FILTROS,7,13/09/2017,43.3,303.1,370
1088,6418,6425,CAMBIO DE ACEITE Y FILTROS,7,15/09/2017,43.3,303.1,371
1063,6425,6447,CAMBIO DE ACEITE Y FILTROS,22,15/09/2017,43.3,952.6,372
1090,6447,6465,CAMBIO DE ACEITE Y FILTROS,18,18/09/2017,43.3,779.4,373
140,6465,6469,CAMBIO DE ACEITE Y FILTROS,4,18/09/2017,43.3,173.2,374
1066,6469,6475,RELLENO,6,18/09/2017,43.3,259.8,375
1072,6475,6480,CAMBIO DE ACEITE Y FILTROS,5,18/09/2017,43.3,216.5,376
1070,6480,6481,RELLENO,1,18/09/2017,43.3,43.3,377
1067,6481,6484,RELLENO,3,18/09/2017,43.3,129.9,378
1032,6484,6488,RELLENO,4,20/09/2017,43.3,173.2,379
1,6488,6495,CAMBIO DE ACEITE Y FILTROS,7,20/09/2017,43.3,303.1,380
1030,6495,6499,RELLENO,4,21/09/2017,43.3,173.2,381
4,6499,6506,CAMBIO DE ACEITE Y FILTROS,7,21/09/2017,43.3,303.1,382
1069,6506,6515,CAMBIO DE ACEITE Y FILTROS,9,22/09/2017,43.3,389.7,383
1060,6515,6522,CAMBIO DE ACEITE Y FILTROS,7,23/09/2017,43.3,303.1,384
1066,6522,6539,CAMBIO DE ACEITE Y FILTROS,17,23/09/2017,43.3,736.1,385
1045,6539,6546,CAMBIO DE ACEITE Y FILTROS,7,25/09/2017,43.3,303.1,386
1038,6546,6553,CAMBIO DE ACEITE Y FILTROS,7,25/09/2017,43.3,303.1,387
1083,6553,6559,CAMBIO DE ACEITE Y FILTROS,6,25/09/2017,43.3,259.8,388
1031,6559,6564,RELLENO,5,25/09/2017,43.3,216.5,389
1054,6564,6569,RELLENO,5,26/09/2017,43.3,216.5,390
1062,6569,6576,LE ENTRO AGUA AL MOTOR,7,27/09/2017,43.3,303.1,391
2,6576,6583,CAMBIO DE ACEITE Y FILTROS,7,27/09/2017,43.3,303.1,392
1029,6583,6584,RELLENO,1,29/09/2017,43.3,43.3,393
1047,6584,6591,CAMBIO DE ACEITE Y FILTROS,7,29/09/2017,43.3,303.1,394
1075,6591,6596,CAMBIO DE ACEITE Y FILTROS,5,29/09/2017,43.3,216.5,395
1078,6596,6601,RELLENO,5,30/09/2017,43.3,216.5,396
1011,6601,6606,RELLENO,5,30/09/2017,43.3,216.5,397
1089,6606,6613,CAMBIO DE ACEITE Y FILTROS,7,30/09/2017,43.3,303.1,398
1077,6613,6618,CAMBIO DE ACEITE Y FILTROS,5,30/09/2017,43.3,216.5,399
1008,6618,6623,RELLENO,5,02/10/2017,43.3,216.5,400
1071,6623,6632,CAMBIO DE ACEITE Y FILTROS,9,02/10/2017,43.3,389.7,401
1080,6632,6634,RELLENO,2,03/10/2017,43.3,86.6,402
1022,6634,6635,RELLENO,1,03/10/2017,43.3,43.3,403
1036,6635,6642,CAMBIO DE ACEITE Y FILTROS,7,03/10/2017,43.3,303.1,404
1032,6642,6677,CAMBIO DE ACEITE Y FILTROS,35,05/10/2017,43.3,1515.5,405
1010,6677,6715,CAMBIO DE ACEITE Y FILTROS,38,05/10/2017,43.3,1645.4,406
1056,6715,6755,CAMBIO DE ACEITE Y FILTROS,40,05/10/2017,43.3,1732,407
1076,6755,6760,CAMBIO DE ACEITE Y FILTROS,5,05/10/2017,43.3,216.5,408
1061,6760,6767,CAMBIO DE ACEITE Y FILTROS,7,05/10/2017,43.3,303.1,409
1011,6767,6805,CAMBIO DE ACEITE Y FILTROS,38,06/10/2017,43.3,1645.4,410
141,6805,6809,CAMBIO DE ACEITE Y FILTROS,4,06/10/2017,43.3,173.2,411
137,6809,6813,CAMBIO DE ACEITE Y FILTROS,4,06/10/2017,43.3,173.2,412
1087,6813,6820,CAMBIO DE ACEITE Y FILTROS,7,07/10/2017,43.3,303.1,413
1074,6820,6825,CAMBIO DE ACEITE Y FILTROS,5,07/10/2017,43.3,216.5,414
1070,6825,6834,CAMBIO DE ACEITE Y FILTROS,9,07/10/2017,43.3,389.7,415
1029,6834,6841,CAMBIO DE ACEITE Y FILTROS,7,07/10/2017,43.3,303.1,416
1067,6841,6843,RELLENO,2,09/10/2017,43.3,86.6,417
1052,6843,6861,CAMBIO DE ACEITE Y FILTROS,18,09/10/2017,43.3,779.4,418
1031,6861,6865,RELLENO,4,09/10/2017,43.3,173.2,419
1078,6865,6868,RELLENO,3,10/10/2017,43.3,129.9,420
135,6868,6872,CAMBIO DE ACEITE Y FILTROS,4,10/10/2017,43.3,173.2,421
L009,6872,6876,RELLENO,4,11/10/2017,43.3,173.2,422
1037,6876,6883,CAMBIO DE ACEITE Y FILTROS,7,11/10/2017,43.3,303.1,423
1065,6883,6901,CAMBIO DE ACEITE Y FILTROS,18,12/10/2017,43.3,779.4,424
1048,6901,6908,CAMBIO DE ACEITE Y FILTROS,7,12/10/2017,43.3,303.1,425
1093,6908,6926,CAMBIO DE ACEITE Y FILTROS,18,12/10/2017,43.3,779.4,426
1088,6926,6933,CAMBIO DE ACEITE Y FILTROS,7,13/10/2017,43.3,303.1,427
1072,6933,6938,CAMBIO DE ACEITE Y FILTROS,5,16/10/2017,43.3,216.5,428
1068,6938,6942,RELLENO,4,16/10/2017,43.3,173.2,429
1079,6942,6945,RELLENO,3,16/10/2017,43.3,129.9,430
1028,6945,6952,CAMBIO DE ACEITE Y FILTROS,7,16/10/2017,43.3,303.1,431
1067,6952,6970,CAMBIO DE ACEITE Y FILTROS,18,17/10/2017,43.3,779.4,432
1045,6970,6977,CAMBIO DE ACEITE Y FILTROS,7,18/10/2017,43.3,303.1,433
1073,6977,6982,CAMBIO DE ACEITE Y FILTROS,5,19/10/2017,43.3,216.5,434
1059,6982,6989,CAMBIO DE ACEITE Y FILTROS,7,19/10/2017,43.3,303.1,435
1007,6989,6993,RELLENO,4,20/10/2017,43.3,173.2,436
1,6993,7000,CAMBIO DE ACEITE Y FILTROS,7,21/10/2017,43.3,303.1,437
3,7000,7007,CAMBIO DE ACEITE Y FILTROS,7,23/10/2017,43.3,303.1,438
1008,7007,7010,RELLENO,3,23/10/2017,43.3,129.9,439
1053,7010,7013,RELLENO,3,23/10/2017,43.3,129.9,440
4,7013,7020,CAMBIO DE ACEITE Y FILTROS,7,23/10/2017,43.3,303.1,441
1091,7020,7038,CAMBIO DE ACEITE Y FILTROS,18,23/10/2017,43.3,779.4,442
1047,7038,7045,CAMBIO DE ACEITE Y FILTROS,7,23/10/2017,43.3,303.1,443
1007,7045,7081,CAMBIO DE ACEITE Y FILTROS,36,25/10/2017,43.3,1558.8,444
1017,7081,7085,RELLENO,4,25/10/2017,43.3,173.2,445
1008,7085,0,RELLENO,0,25/10/2017,43.3,0,446
1081,7085,7092,CAMBIO DE ACEITE Y FILTROS,7,26/10/2017,43.3,303.1,447
1042,7092,7093,RELLENO,1,27/10/2017,43.3,43.3,448
1060,7093,7094,RELLENO,1,27/10/2017,43.3,43.3,449
2,7094,7101,CAMBIO DE ACEITE Y FILTROS,7,28/10/2017,43.3,303.1,450
1094,7101,7119,CAMBIO DE ACEITE Y FILTROS,18,30/10/2017,43.3,779.4,451
1069,7119,7128,CAMBIO DE ACEITE Y FILTROS,9,30/10/2017,43.3,389.7,452
1031,7128,7133,RELLENO,5,30/10/2017,43.3,216.5,453
1039,7133,7135,RELLENO,2,31/10/2017,43.3,86.6,454
1008,7135,7138,RELLENO,3,31/10/2017,43.3,129.9,455
132,7138,7142,CAMBIO DE ACEITE Y FILTROS,4,01/11/2017,43.3,173.2,456
136,7142,7146,CAMBIO DE ACEITE Y FILTROS,4,01/11/2017,43.3,173.2,457
138,7146,7150,CAMBIO DE ACEITE Y FILTROS,4,01/11/2017,43.3,173.2,458
1025,7150,7151,RELLENO,1,02/11/2017,43.3,43.3,459
1083,7151,7158,CAMBIO DE ACEITE Y FILTROS,7,02/11/2017,43.3,303.1,460
1095,7158,7160,RELLENO,2,03/11/2017,43.3,86.6,461
1044,7160,7167,CAMBIO DE ACEITE Y FILTROS,7,06/11/2017,43.3,303.1,462
1089,7167,7174,CAMBIO DE ACEITE Y FILTROS,7,06/11/2017,43.3,303.1,463
1077,7174,7179,CAMBIO DE ACEITE Y FILTROS,5,06/11/2017,43.3,216.5,464
1085,7179,7197,CAMBIO DE ACEITE Y FILTROS,18,06/11/2017,43.3,779.4,465
1049,7197,7202,RELLENO,5,07/11/2017,43.3,216.5,466
1054,7202,7207,RELLENO,5,08/11/2017,43.3,216.5,467
1026,7207,7208,RELLENO,1,08/11/2017,43.3,43.3,468
1087,7208,7215,CAMBIO DE ACEITE Y FILTROS,7,08/11/2017,43.3,303.1,469
1051,7215,7233,CAMBIO DE ACEITE Y FILTROS,18,08/11/2017,43.3,779.4,470
139,7233,7237,CAMBIO DE ACEITE Y FILTROS,4,08/11/2017,43.3,173.2,471
1072,7237,7242,CAMBIO DE ACEITE Y FILTROS,5,09/11/2017,43.3,216.5,472
1030,7242,7248,RELLENO,6,09/11/2017,43.3,259.8,473
1067,7248,7253,RELLENO,5,09/11/2017,43.3,216.5,474
1095,7253,7271,CAMBIO DE ACEITE Y FILTROS,18,10/11/2017,43.3,779.4,475
1075,7271,7276,CAMBIO DE ACEITE Y FILTROS,5,13/11/2017,43.3,216.5,476
1074,7276,7281,CAMBIO DE ACEITE Y FILTROS,5,13/11/2017,43.3,216.5,477
1076,7281,7286,CAMBIO DE ACEITE Y FILTROS,5,14/11/2017,43.3,216.5,478
1054,7286,7324,CAMBIO DE ACEITE Y FILTROS,38,14/11/2017,43.3,1645.4,479
6,7324,7331,CAMBIO DE ACEITE Y FILTROS,7,16/11/2017,43.3,303.1,480
1086,7331,7355,CAMBIO DE ACEITE Y FILTROS,24,17/11/2017,43.3,1039.2,481
1078,7355,7379,CAMBIO DE ACEITE Y FILTROS,24,17/11/2017,43.3,1039.2,482
1036,7379,7386,CAMBIO DE ACEITE Y FILTROS,7,17/11/2017,43.3,303.1,483
1031,7386,7394,RELLENO,8,17/11/2017,43.3,346.4,484
1048,7394,7395,RELLENO,1,17/11/2017,43.3,43.3,485
1,7395,7402,CAMBIO DE ACEITE Y FILTROS,7,23/11/2017,43.3,303.1,486
5,7402,7409,CAMBIO DE ACEITE Y FILTROS,7,23/11/2017,43.3,303.1,487
4,7409,7416,CAMBIO DE ACEITE Y FILTROS,7,23/11/2017,43.3,303.1,488
1084,7416,7423,RELLENO,7,23/11/2017,43.3,303.1,489
1090,7423,7426,RELLENO,3,23/11/2017,43.3,129.9,490
1092,7426,7444,CAMBIO DE ACEITE Y FILTROS,18,23/11/2017,43.3,779.4,491
1088,7444,7451,CAMBIO DE ACEITE Y FILTROS,7,23/11/2017,43.3,303.1,492
1039,7451,7458,CAMBIO DE ACEITE Y FILTROS,7,23/11/2017,43.3,303.1,493
1042,7458,7465,CAMBIO DE ACEITE Y FILTROS,7,23/11/2017,43.3,303.1,494
1070,7465,7474,CAMBIO DE ACEITE Y FILTROS,9,23/11/2017,43.3,389.7,495
143,7474,7478,CAMBIO DE ACEITE Y FILTROS,4,24/11/2017,43.3,173.2,496
1064,7478,7496,CAMBIO DE ACEITE Y FILTROS,18,24/11/2017,43.3,779.4,497
3,7496,7503,CAMBIO DE ACEITE Y FILTROS,7,25/11/2017,43.3,303.1,498
1038,7503,7510,CAMBIO DE ACEITE Y FILTROS,7,25/11/2017,43.3,303.1,499
1061,7510,7517,CAMBIO DE ACEITE Y FILTROS,7,27/11/2017,43.3,303.1,500
1037,7517,7524,CAMBIO DE ACEITE Y FILTROS,7,28/11/2017,43.3,303.1,501
1049,7524,7528,RELLENO,4,28/11/2017,43.3,173.2,502
1096,7528,7531,RELLENO,3,28/11/2017,43.3,129.9,503
1026,7531,7538,CAMBIO DE ACEITE Y FILTROS,7,28/11/2017,43.3,303.1,504
1050,7538,7540,RELLENO,2,29/11/2017,43.3,86.6,505
1080,7540,7543,RELLENO,3,29/11/2017,43.3,129.9,506
1098,7543,7546,RELLENO,3,29/11/2017,43.3,129.9,507
1030,7546,7550,RELLENO,4,30/11/2017,43.3,173.2,508
1066,7550,7558,RELLENO,8,30/11/2017,43.3,346.4,509
1063,7558,7576,CAMBIO DE ACEITE Y FILTROS,18,02/12/2017,43.3,779.4,510
1050,7576,7594,CAMBIO DE ACEITE Y FILTROS,18,02/12/2017,43.3,779.4,511
1025,7594,7601,CAMBIO DE ACEITE Y FILTROS,7,04/12/2017,43.3,303.1,512
2,7601,7608,CAMBIO DE ACEITE Y FILTROS,7,04/12/2017,43.3,303.1,513
1090,7608,7626,CAMBIO DE ACEITE Y FILTROS,18,05/12/2017,43.3,779.4,514
1073,7626,7631,CAMBIO DE ACEITE Y FILTROS,5,05/12/2017,43.3,216.5,515
1017,7631,7638,RELLENO,7,05/12/2017,43.3,303.1,516
1057,7638,7645,CAMBIO DE ACEITE Y FILTROS,7,06/12/2017,43.3,303.1,517
1060,7645,7652,CAMBIO DE ACEITE Y FILTROS,7,06/12/2017,43.3,303.1,518
1047,7652,7659,CAMBIO DE ACEITE Y FILTROS,7,07/12/2017,43.3,303.1,519
140,7659,7663,CAMBIO DE ACEITE Y FILTROS,4,07/12/2017,43.3,173.2,520
1029,7663,7670,CAMBIO DE ACEITE Y FILTROS,7,08/12/2017,43.3,303.1,521
1036,7670,7672,RELLENO,2,08/12/2017,43.3,86.6,523
L011,7672,7675,RELLENO,3,08/12/2017,43.3,129.9,524
1031,7675,7680,RELLENO,5,11/12/2017,43.3,216.5,525
1048,7680,7687,CAMBIO DE ACEITE Y FILTROS,7,12/12/2017,43.3,303.1,526
1086,7687,7690,RELLENO,3,13/12/2017,43.3,129.9,527
1100,7690,7699,RELLENO,9,14/12/2017,43.3,389.7,528
1070,7699,7708,CAMBIO DE ACEITE Y FILTROS,9,14/12/2017,43.3,389.7,529
1049,7708,7711,RELLENO,3,14/12/2017,43.3,129.9,530
1045,7711,7718,CAMBIO DE ACEITE Y FILTROS,7,14/12/2017,43.3,303.1,531
1032,7718,7723,RELLENO,5,15/12/2017,43.3,216.5,532
6,7723,7730,CAMBIO DE ACEITE Y FILTROS,7,15/12/2017,43.3,303.1,533
1074,7730,7735,CAMBIO DE ACEITE Y FILTROS,5,15/12/2017,43.3,216.5,534
1077,7735,7740,CAMBIO DE ACEITE Y FILTROS,5,15/12/2017,43.3,216.5,535
1067,7740,7743,RELLENO,3,16/12/2017,43.3,129.9,536
1017,7743,7748,RELLENO,5,18/12/2017,43.3,216.5,537
1068,7748,7767,CAMBIO DE ACEITE Y FILTROS,19,19/12/2017,43.3,822.7,538
1066,7767,7786,CAMBIO DE ACEITE Y FILTROS,19,19/12/2017,43.3,822.7,539
1076,7786,7791,CAMBIO DE ACEITE Y FILTROS,5,19/12/2017,43.3,216.5,540
1044,7791,7798,CAMBIO DE ACEITE Y FILTROS,7,20/12/2017,43.3,303.1,541
1,7798,7805,CAMBIO DE ACEITE Y FILTROS,7,20/12/2017,43.3,303.1,542
130,7805,7809,CAMBIO DE ACEITE Y FILTROS,4,20/12/2017,43.3,173.2,543
1069,7809,7818,CAMBIO DE ACEITE Y FILTROS,9,20/12/2017,43.3,389.7,544
1031,7818,7858,CAMBIO DE ACEITE Y FILTROS,40,21/12/2017,43.3,1732,545
133,7858,7862,CAMBIO DE ACEITE Y FILTROS,4,21/12/2017,43.3,173.2,546
141,7862,7866,CAMBIO DE ACEITE Y FILTROS,4,21/12/2017,43.3,173.2,547
1075,7866,7871,CAMBIO DE ACEITE Y FILTROS,5,22/12/2017,43.3,216.5,548
1101,7871,7884,CAMBIO DE ACEITE Y FILTROS,13,22/12/2017,43.3,562.9,549
4,7884,7891,CAMBIO DE ACEITE Y FILTROS,7,22/12/2017,43.3,303.1,550
L011,7891,7893,RELLENO,2,26/12/2017,43.3,86.6,551
1007,7893,7898,RELLENO,5,26/12/2017,43.3,216.5,552
12,7898,7900,RELLENO,2,26/12/2017,43.3,86.6,553
1103,7900,7913,CAMBIO DE ACEITE,13,26/12/2017,43.3,562.9,554
1087,7913,7920,CAMBIO DE ACEITE Y FILTROS,7,27/12/2017,43.3,303.1,555
3,7920,7927,CAMBIO DE ACEITE Y FILTROS,7,28/12/2017,43.3,303.1,556
1072,7927,7932,CAMBIO DE ACEITE Y FILTROS,5,28/12/2017,43.3,216.5,557
5,7932,7939,CAMBIO DE ACEITE Y FILTROS,7,28/12/2017,43.3,303.1,558
138,7939,7943,CAMBIO DE ACEITE Y FILTROS,4,28/12/2017,43.3,173.2,559
1071,7943,7952,CAMBIO DE ACEITE Y FILTRO,9,29/12/2017,43.3,389.7,560
1085,7952,7964,RELLENO,12,30/12/2017,43.3,519.6,561
1030,7964,8002,CAMBIO DE ACEITE Y FILTROS,38,30/12/2017,43.3,1645.4,562
1049,8002,8005,RELLENO,3,02/01/2018,43.3,129.9,563
1054,8005,8009,RELLENO,4,03/01/2018,43.3,173.2,564
1031,8009,8014,RELLENO,5,03/01/2018,43.3,216.5,565
L009,8014,8021,RELLENO,7,04/01/2018,43.3,303.1,566
1011,8021,8024,RELLENO,3,04/01/2018,43.3,129.9,567
1080,8024,8049,CAMBIO DE ACEITE Y FILTROS,25,05/01/2018,43.3,1082.5,568
137,8049,8053,CAMBIO DE ACEITE Y FILTROS,4,08/01/2018,43.3,173.2,569
L008,8053,8093,CAMBIO DE ACEITE,40,09/01/2018,43.3,1732,570
1056,8093,8098,RELLENO,5,10/01/2018,43.3,216.5,571
131,8098,8102,CAMBIO DE ACEITE Y FILTROS,4,10/01/2018,43.3,173.2,572
2,8102,8109,CAMBIO DE ACEITE Y FILTROS,7,10/01/2018,43.3,303.1,573
L011,8109,8113,RELLENO,4,10/01/2018,43.3,173.2,574
1088,8113,8120,CAMBIO DE ACEITE Y FILTROS,7,10/01/2018,43.3,303.1,576
1067,8120,8123,RELLENO,3,11/01/2018,43.3,129.9,577
1091,8123,8141,CAMBIO DE ACEITE Y FILTROS,18,12/01/2018,43.3,779.4,578
L008,8141,8148,RELLENO,7,12/01/2018,43.3,303.1,579
1077,8148,8153,CAMBIO DE ACEITE Y FILTROS,5,13/01/2018,43.3,216.5,580
1053,8153,8157,RELLENO,4,16/01/2018,43.3,173.2,581
1061,8157,8164,CAMBIO DE ACEITE Y FILTROS,7,16/01/2018,43.3,303.1,582
1034,8164,8171,CAMBIO DE ACEITE Y FILTROS,7,17/01/2018,43.3,303.1,583
1081,8171,8178,CAMBIO DE ACEITE Y FILTROS,7,17/01/2018,43.3,303.1,584
1060,8178,8185,CAMBIO DE ACEITE Y FILTROS,7,17/01/2018,43.3,303.1,585
1085,8185,8210,CAMBIO DE ACEITE Y FILTROS,25,18/01/2018,43.3,1082.5,586
1032,8210,8212,RELLENO,2,18/01/2018,43.3,86.6,587
1045,8212,8214,RELLENO,2,18/01/2018,43.3,86.6,588
1083,8214,8221,CAMBIO DE ACEITE Y FILTROS,7,18/01/2018,43.3,303.1,589
1095,8221,8239,CAMBIO DE ACEITE Y FILTROS,18,19/01/2018,43.3,779.4,590
1094,8239,8257,CAMBIO DE ACEITE Y FILTROS,18,19/01/2018,43.3,779.4,591
1039,8257,8259,RELLENO,2,22/01/2018,43.3,86.6,592
6,8259,8266,CAMBIO DE ACEITE Y FILTROS.,7,22/01/2018,43.3,303.1,593
1036,8266,8267,RELLENO,1,23/01/2018,43.3,43.3,594
1054,8267,8271,RELLENO,4,23/01/2018,43.3,173.2,595
1073,8271,8276,CAMBIO DE ACEITE Y FILTROS,5,25/01/2018,43.3,216.5,596
1074,8276,8281,CAMBIO DE ACEITE Y FILTROS,5,25/01/2018,43.3,216.5,597
143,8281,8285,CAMBIO DE ACEITE Y FILTROS,4,25/01/2018,43.3,173.2,598
1084,8285,8310,CAMBIO DE ACEITE Y FILTROS,25,26/01/2018,43.3,1082.5,599
1037,8310,8317,CAMBIO DE ACEITE Y FILTROS,7,26/01/2018,43.3,303.1,600
1008,8317,8319,RELLENO,2,26/01/2018,43.3,86.6,601
1036,8319,8321,RELLENO,2,26/01/2018,43.3,86.6,602
1103,8321,8334,CAMBIO DE ACEITE Y FILTROS,13,27/01/2018,43.3,562.9,603
3,8334,8341,CAMBIO DE ACEITE Y FILTROS,7,27/01/2018,43.3,303.1,604
3,8341,8349,CAMBIO DE ACEITE Y FILTROS,8,30/01/2018,43.3,346.4,605
1093,8349,8366,CAMBIO DE ACEITE Y FILTROS,17,30/01/2018,43.3,736.1,606
1075,8366,8371,CAMBIO DE ACEITE Y FILTROS,5,31/01/2018,43.3,216.5,607
4,8371,8378,CAMBIO DE ACEITE Y FILTROS,7,31/01/2018,43.3,303.1,608
1045,8378,8385,CAMBIO DE ACEITE Y FILTROS,7,31/01/2018,43.3,303.1,609
1062,8385,8392,CAMBIO DE ACEITE Y FILTROS,7,31/01/2018,43.3,303.1,610
1049,8392,8398,RELLENO,6,31/01/2018,43.3,259.8,611
L009,8398,8399,RELLENO,1,31/01/2018,43.3,43.3,612
135,8399,8403,CAMBIO DE ACEITE Y FILTROS,4,01/02/2018,43.3,173.2,613
1070,8403,8414,CAMBIO DE ACEITE I FILTRO,11,01/02/2018,43.3,476.3,614
1101,8414,8427,CAMBIO DE ACEITE Y FILTROS,13,01/02/2018,43.3,562.9,615
1072,8427,8433,CAMBIO DE ACEITE Y FILTROS,6,02/02/2018,43.3,259.8,616
1036,8433,8441,CAMBIO DE ACEITE Y FILTROS,8,02/02/2018,43.3,346.4,617
1044,8441,8449,CAMBIO DE ACEITE Y FILTROS,8,02/02/2018,43.3,346.4,618
L009,8449,8452,RELLENO,3,03/02/2018,43.3,129.9,619
5,8452,8460,CAMBIO DE ACEITE Y FILTROS,8,03/02/2018,43.3,346.4,620
1008,8460,8464,RELLENO,4,03/02/2018,43.3,173.2,621
1049,8464,8502,CAMBIO DE ACEITE Y FILTROS,38,06/02/2018,43.3,1645.4,622
1053,8502,8540,CAMBIO DE ACEITE Y FILTROS,38,06/02/2018,43.3,1645.4,623
139,8540,8545,CAMBIO DE ACEITE Y FILTROS,5,06/02/2018,43.3,216.5,624
2,8545,8553,CAMBIO DE ACEITE Y FILTROS,8,06/02/2018,43.3,346.4,625
1039,8553,8561,CAMBIO DE ACEITE Y FILTROS,8,06/02/2018,43.3,346.4,626
1104,8561,8574,CAMBIO DE ACEITE Y FILTROS,13,08/02/2018,43.3,562.9,627
L008,8574,8616,CAMBIO DE ACEITE Y FILTROS,42,08/02/2018,43.3,1818.6,628
1011,8616,8622,RELLENO,6,09/02/2018,43.3,259.8,629
1065,8622,8640,CAMBIO DE ACEITE Y FILTROS,18,09/02/2018,43.3,779.4,630
1,8640,8647,CAMBIO DE ACEITE Y FILTROS,7,10/02/2018,43.3,303.1,631
1018,8647,8659,RELLENO,12,10/02/2018,43.3,519.6,632
1087,8659,8666,CAMBIO DE ACEITE Y FILTROS,7,10/02/2018,43.3,303.1,633
1058,8666,8674,CAMBIO DE ACEITE Y FILTROS,8,13/02/2018,43.3,346.4,634
L009,8674,8682,RELLENO,8,13/02/2018,43.3,346.4,635
1067,8682,8702,CAMBIO DE ACEITE Y FILTROS,20,14/02/2018,43.3,866,636
1105,8702,8716,CAMBIO DE ACEITE Y FILTROS,14,14/02/2018,43.3,606.2,637
1077,8716,8722,CAMBIO DE ACEITE Y FILTROS,6,15/02/2018,43.3,259.8,638
140,8722,8726,CAMBIO DE ACEITE Y FILTROS,4,15/02/2018,43.3,173.2,639
1028,8726,8734,CAMBIO DE ACEITE Y FILTROS,8,15/02/2018,43.3,346.4,640
1088,8734,8742,CAMBIO DE ACEITE Y FILTROS,8,15/02/2018,43.3,346.4,641
1106,8742,8756,CAMBIO DE ACEITE Y FILTROS,14,16/02/2018,43.3,606.2,642
1026,8756,8757,RELLENO,1,16/02/2018,43.3,43.3,643
1073,8757,8763,CAMBIO DE ACEITE Y FILTROS,6,17/02/2018,43.3,259.8,644
1079,8763,8788,CAMBIO DE ACEITE Y FILTROS,25,19/02/2018,43,1075,645
1041,8788,8796,CAMBIO DE ACEITE Y FILTROS,8,20/02/2018,43.3,346.4,646
136,8796,8801,CAMBIO DE ACEITE Y FILTROS,5,20/02/2018,43.3,216.5,647
1056,8801,8807,RELLENO,6,20/02/2018,43.3,259.8,648
1078,8807,8812,RELLENO,5,20/02/2018,43.3,216.5,649
1086,8812,8818,RELLENO,6,20/02/2018,43.3,259.8,650
3,8818,8826,CAMBIO DE ACEITE Y FILTROS,8,21/02/2018,43.3,346.4,651
L011,8826,8869,CAMBIO DE ACEITE Y FILTROS,43,23/02/2018,43.3,1861.9,652
1064,8869,8887,CAMBIO DE ACEITE Y FILTROS,18,23/02/2018,43.3,779.4,653
1086,8887,8912,CAMBIO DE ACEITE Y FILTROS,25,23/02/2018,43.3,1082.5,654
L0009,8912,8955,CAMBIO DE ACEITE Y FILTROS,43,24/02/2018,43.3,1861.9,655
1092,8955,8973,CAMBIO DE ACEITE Y FILTROS,18,26/02/2018,43.3,779.4,656
1090,8973,8991,CAMBIO DE ACEITE Y FILTROS,18,26/02/2018,43.3,779.4,657
1071,8991,9001,CAMBIO DE ACEITE Y FILTROS,10,26/02/2018,43.3,433,658
1075,9001,9007,CAMBIO DE ACEITE Y FILTROS,6,26/02/2018,43.3,259.8,659
1054,9007,9011,RELLENO,4,27/02/2018,43.3,173.2,660
1032,9011,9049,CAMBIO DE ACEITE Y FILTROS,38,28/02/2018,43.3,1645.4,661
1036,9049,9057,CAMBIO DE ACEITE Y FILTROS,8,28/02/2018,43.3,346.4,662
1057,9057,9065,CAMBIO DE ACEITE Y FILTROS,8,28/02/2018,43.3,346.4,663
1038,9065,9073,CAMBIO DE ACEITE Y FILTROS,8,28/02/2018,43.3,346.4,664
1038,9073,9101,28 litros que fue por Calibracion que se vilvi¢ a vaciar el Aceite .,0,28/02/2018,43.3,0,665
1009,9101,9105,RELLENO,4,01/03/2018,43.3,173.2,666
1074,9105,9111,CAMBIO DE ACEITE Y FILTROS,6,01/03/2018,43.3,259.8,667
5,9111,9119,CAMBIO DE ACEITE I FILTROS,8,01/03/2018,43.3,346.4,668
1008,9119,9123,RELLENO,4,02/03/2018,43.3,173.2,669
1103,9123,9136,CAMBIO DE ACEITE Y FILTROS,13,02/03/2018,43.3,562.9,670
1101,9136,9149,CAMBIO DE ACEITE Y FILTROS,13,03/03/2018,43.3,562.9,671
1072,9149,9155,CAMBIO DE ACEITE Y FILTROS,6,03/03/2018,43.3,259.8,672
4,9155,9163,CAMBIO DE ACEITE Y FILTROS,8,05/03/2018,43.3,346.4,673
1098,9163,9167,RELLENO,4,05/03/2018,43.3,173.2,674
6,9167,9175,CAMBIO DE ACEITE Y FILTROS,8,05/03/2018,43.3,346.4,675
1056,9175,9218,CAMBIO DE ACEITE Y FILTROS,43,07/03/2018,43.3,1861.9,676
1061,9218,9226,CAMBIO DE ACEITE Y FILTROS,8,07/03/2018,43.3,346.4,677
1054,9226,9231,RELLENO,5,07/03/2018,43.3,216.5,678
1017,9231,9235,RELLENO,4,07/03/2018,43.3,173.2,679
1052,9235,9253,CAMBIO DE ACEITE Y FILTROS,18,08/03/2018,43.3,779.4,680
1076,9253,9258,CAMBIO DE ACEITE Y FILTROS,5,08/03/2018,43.3,216.5,681
137,9258,9263,CAMBIO DE ACEITE Y FILTROS,5,08/03/2018,43.3,216.5,682
1096,9263,9266,RELLENO,3,09/03/2018,43.3,129.9,683
1037,9266,9274,CAMBIO DE ACEITE Y FILTROS,8,09/03/2018,43.3,346.4,684
1070,9274,9277,RELLENO,3,09/03/2018,43.3,129.9,685
1104,9277,9290,CAMBIO DE ACEITE Y FILTROS,13,09/03/2018,43.3,562.9,686
1071,9290,9299,SE CAMBIO PORQUE ESTABA ROTO EL CµRTER.,9,09/03/2018,43.3,389.7,687
1062,9299,9307,CAMBIO DE ACEITE Y FILTROS,8,10/03/2018,43.3,346.4,688
1045,9307,9315,CAMBIO DE ACEITE Y FILTROS,8,10/03/2018,43.3,346.4,689
1060,9315,9323,CAMBIO DE ACEITE Y FILTROS,8,10/03/2018,43.3,346.4,690
1018,9323,9333,RELLENO,10,12/03/2018,43.3,433,691
2,9333,9341,CAMBIO DE ACEITE Y FILTROS,8,14/03/2018,43.3,346.4,692
143,9341,9346,CAMBIO DE ACEITE Y FILTROS,5,14/03/2018,43.3,216.5,693
1066,9346,9365,CAMBIO DE ACEITE Y FILTROS,19,14/03/2018,43.3,822.7,694
1063,9365,9384,CAMBIO DE ACEITE Y FILTROS,19,14/03/2018,43.3,822.7,695
1044,9384,9392,CAMBIO DE ACEITE Y FILTROS,8,15/03/2018,43.3,346.4,696
1070,9392,9402,CAMBIO DE ACEITE Y FILTROS,10,16/03/2018,43.3,433,697
1105,9402,9415,CAMBIO DE ACEITE Y FILTROS,13,16/03/2018,43.3,562.9,698
141,9415,9420,CAMBIO DE ACEITE Y FILTROS,5,20/03/2018,43.3,216.5,699
1036,9420,9422,RELLENO,2,20/03/2018,43.3,86.6,700
1018,9422,9426,RELLENO,4,21/03/2018,43.3,173.2,701
1059,9426,9434,CAMBIO DE ACEITE Y FILTROS,8,21/03/2018,43.3,346.4,702
1029,9434,9442,CAMBIO DE ACEITE Y FILTROS,8,23/03/2018,43.3,346.4,703
L011,9442,9485,CAMBIO DE ACEITE Y FILTROS,43,23/03/2018,43.3,1861.9,704
1031,9485,9490,RELLENO,5,23/03/2018,43.3,216.5,705
3,9490,9498,CAMBIO DE ACEITE Y FILTROS,8,26/03/2018,43.3,346.4,706
1077,9498,9504,CAMBIO DE ACEITE Y FILTROS,6,26/03/2018,43.3,259.8,707
L009,9504,9506,RELLENO,2,26/03/2018,43.3,86.6,708
1051,9506,9524,CAMBIO DE ACEITE Y FILTROS,18,27/03/2018,43.3,779.4,709
1049,9524,9530,RELLENO,6,27/03/2018,43.3,259.8,710
1075,9530,9536,CAMBIO DE ACEITE Y FILTROS,6,27/03/2018,43.3,259.8,711
1010,9536,9574,CAMBIO DE ACEITE Y FILTROS,38,27/03/2018,43.3,1645.4,712
1088,9574,9582,CAMBIO DE ACEITE Y FILTROS,8,27/03/2018,43.3,346.4,713
132,9582,9587,CAMBIO DE ACEITE Y FILTROS,5,28/03/2018,43.3,216.5,714
L008,9587,9630,CAMBIO DE ACEITE Y FILTROS,43,28/03/2018,43.3,1861.9,715
L008,9630,14783,"AJUTES POR CAMBIO DE PISTOLA DESPACHADORA DE ACEITE, CORTE DE LA PISTOLA ANTERIOR 9630, NUEVO 14783",0,28/03/2018,43.3,0,716
1101,14783,14796,CAMBIO DE ACEITE Y FILTROS,13,29/03/2018,43.3,562.9,717
5,14796,14803,CAMBIO DE ACEITE Y FILTROS,7,29/03/2018,43.3,303.1,718
1069,14803,14812,CAMBIO DE ACEITE Y FILTROS,9,29/03/2018,43.3,389.7,719
1106,14812,14825,CAMBIO DE ACEITE Y FILTROS,13,29/03/2018,43.3,562.9,720
1083,14825,14833,CAMBIO DE ACEITE Y FILTROS,8,31/03/2018,43.3,346.4,721
1094,14833,14851,CAMBIO DE ACEITE Y FILTROS,18,31/03/2018,43.3,779.4,722
1091,14851,14869,CAMBIO DE ACEITE Y FILTROS,18,31/03/2018,43.3,779.4,723
1080,14869,14874,RELLENO,5,02/04/2018,43.3,216.5,724
1,14874,14882,CAMBIO DE ACEITE Y FILTROS,8,02/04/2018,43.3,346.4,725
1,14882,14892,AJUSTES POR CALIBRACION DE LA PISTOLA,10,03/04/2018,0,0,726
1087,14892,14900,CAMBIO DE ACEITE Y FILTROS,8,07/04/2018,43.3,346.4,727
1103,14900,14913,CAMBIO DE ACEITE Y FILTROS,13,07/04/2018,43.3,562.9,728
1011,14913,14951,CAMBIO DE ACEITE Y FILTROS,38,07/04/2018,43.3,1645.4,729
138,14951,14955,CAMBIO DE ACEITE Y FILTROS,4,07/04/2018,43.3,173.2,730
1078,14955,14979,CAMBIO DE ACEITE Y FILTROS,24,09/04/2018,43.3,1039.2,731
1026,14979,14980,RELLENO,1,10/04/2018,43.3,43.3,732
1067,14980,14985,RELLENO,5,10/04/2018,43.3,216.5,733
1081,14985,14993,CAMBIO DE ACEITE Y FILTROS,8,10/04/2018,43.3,346.4,734
4,14993,15001,CAMBIO DE ACEITE Y FILTROS,8,10/04/2018,43.3,346.4,735
1054,15001,15008,RELLENO,7,10/04/2018,43.3,303.1,736
1050,15008,15026,CAMBIO DE ACEITE Y FILTROS,18,10/04/2018,43.3,779.4,737
139,15026,15030,CAMBIO DE ACEITE Y FILTROS,4,12/04/2018,43.3,173.2,738
1095,15030,15048,CAMBIO DE ACEITE Y FILTROS,18,12/04/2018,43.3,779.4,739
1074,15048,15054,CAMBIO DE ACEITE Y FILTROS,6,12/04/2018,43.3,259.8,740
1037,15054,15056,RELLENO,2,12/04/2018,43.3,86.6,741
1093,15056,15074,CAMBIO DE ACEITE Y FILTROS,18,12/04/2018,43.3,779.4,742
1070,15074,15076,RELLENO,2,12/04/2018,43.3,86.6,743
1036,15076,15084,CAMBIO DE ACEITE Y FILTROS,8,13/04/2018,43.3,346.4,744
L008,15084,15087,RELLENO,3,13/04/2018,43.3,129.9,745
1105,15087,15100,CAMBIO DE ACEITE Y FILTROS,13,13/04/2018,43.3,562.9,746
1104,15100,15113,CAMBIO DE ACEITE Y FILTROS,13,13/04/2018,43.3,562.9,747
1053,15113,15117,RELLENO,4,13/04/2018,43.3,173.2,748
1008,15117,15119,RELLENO,2,13/04/2018,43.3,86.6,749
6,15119,15127,CAMBIO DE ACEITE Y FILTROS,8,16/04/2018,43.3,346.4,750
2,15127,15135,CAMBIO DE ACEITE Y FILTROS,8,16/04/2018,43.3,346.4,751
1079,15135,15141,RELLENO,6,16/04/2018,43.3,259.8,752
1054,15141,15148,RELLENO,7,16/04/2018,43.3,303.1,753
1031,15148,15154,RELLENO,6,17/04/2018,43.3,259.8,754
1085,15154,15158,RELLENO,4,17/04/2018,43.3,173.2,755
L009,15158,15164,RELLENO,6,19/04/2018,43.3,259.8,756
135,15164,15168,CAMBIO DE ACEITE Y FILTROS,4,19/04/2018,43.3,173.2,757
,15168,15211,CAMBIO DE ACEITE Y FILTROS,43,21/04/2018,43.3,1861.9,758
3,15211,15219,CAMBIO DE ACEITE Y FILTROS,8,23/04/2018,43.3,346.4,759
1085,15219,15244,CAMBIO DE ACEITE Y FILTROS,25,23/04/2018,43.3,1082.5,760
1088,15244,15252,CAMBIO DE ACEITE Y FILTROS,8,24/04/2018,43.3,346.4,761
1062,15252,15260,CAMBIO DE ACEITE Y FILTROS,8,24/04/2018,43.3,346.4,762
1049,15260,15265,RELLENO,5,24/04/2018,43.3,216.5,763
1061,15265,0,CAMBIO DE ACEITE Y FILTROS,0,25/04/2018,43.3,0,764
L009,15265,15271,RELLENO,6,26/04/2018,43.3,259.8,765
1102,15271,15284,CAMBIO DE ACEITE Y FILTROS,13,26/04/2018,43.3,562.9,766
1102,15284,15297,CAMBIO DE ACEITE Y FILTROS,13,26/04/2018,43.3,562.9,767
1076,15297,15302,CAMBIO DE ACEITE Y FILTROS,5,26/04/2018,43.3,216.5,768
1042,15302,15310,CAMBIO DE ACEITE Y FILTROS,8,26/04/2018,43.3,346.4,769
1008,15310,15315,RELLENO,5,26/04/2018,43.3,216.5,770
L011,15315,15358,CAMBIO DE ACEITE Y FILTROS,43,27/04/2018,43.3,1861.9,771
L008,15358,15370,RELLENO,12,28/04/2018,43.3,519.6,772
140,15370,15374,CAMBIO DE ACEITE Y FILTROS,4,28/04/2018,43.3,173.2,773
142,15374,15378,CAMBIO DE ACEITE Y FILTROS,4,28/04/2018,43.3,173.2,774
1077,15378,15384,CAMBIO DE ACEITE Y FILTROS,6,02/05/2018,43.3,259.8,775
1072,15384,15390,CAMBIO DE ACEITE Y FILTROS,6,02/05/2018,43.3,259.8,776
1,15390,15398,CAMBIO DE ACEITE Y FILTROS,8,02/05/2018,43.3,346.4,777
5,15398,15406,CAMBIO DE ACEITE Y FILTROS,8,02/05/2018,43.3,346.4,778
1044,15406,15414,CAMBIO DE ACEITE Y FILTROS,8,02/05/2018,43.3,346.4,779
1060,15414,15415,RELLENO,1,02/05/2018,43.3,43.3,780
1065,15415,15433,CAMBIO DE ACEITE Y FILTROS,18,03/05/2018,43.3,779.4,781
1073,15433,15439,CAMBIO DE ACEITE Y FILTROS,6,03/05/2018,43.3,259.8,782
1060,15439,15447,CAMBIO DE ACEITE Y FILTROS,8,03/05/2018,43.3,346.4,783
1080,15447,15471,CAMBIO DE ACEITE Y FILTROS,24,03/05/2018,43.3,1039.2,784
1103,15471,15484,CAMBIO DE ACEITE Y FILTROS,13,04/05/2018,43.3,562.9,785
1037,15484,15492,CAMBIO DE ACEITE Y FILTROS,8,04/05/2018,43.3,346.4,786
141,15492,15497,CAMBIO DE ACEITE Y FILTROS,5,04/05/2018,43.3,216.5,787
1101,15497,15510,CAMBIO DE ACEITE Y FILTROS,13,07/05/2018,43.3,562.9,788
1071,15510,15519,CAMBIO DE ACEITE Y FILTROS,9,07/05/2018,43.3,389.7,789
1028,15519,15527,CAMBIO DE ACEITE Y FILTROS,8,07/05/2018,43.3,346.4,790
1105,15527,15540,CAMBIO DE ACEITE Y FILTROS,13,07/05/2018,43.3,562.9,791
1087,15540,15548,CAMBIO DE ACEITE Y FILTROS,8,07/05/2018,43.3,346.4,792
1075,15548,15554,CAMBIO DE ACEITE Y FILTROS,6,07/05/2018,43.3,259.8,793
1054,15554,15559,RELLENO,5,07/05/2018,43.3,216.5,794
1077,15559,15561,RELLENO,2,07/05/2018,43.3,86.6,795
1025,15561,15562,RELLENO,1,07/05/2018,43.3,43.3,796
L009,15562,15566,RELLENO,4,08/05/2018,43.3,173.2,797
L008,15566,15570,RELLENO,4,08/05/2018,43.3,173.2,798
1092,15570,15588,CAMBIO DE ACEITE Y FILTROS,18,11/05/2018,43.3,779.4,799
1038,15588,15596,CAMBIO DE ACEITE Y FILTROS,8,11/05/2018,43.3,346.4,800
1067,15596,15601,RELLENO,5,11/05/2018,43.3,216.5,801
L010,15601,15644,CAMBIO DE ACEITE Y FILTROS,43,14/05/2018,43.3,1861.9,802
1032,15644,15648,RELLENO,4,14/05/2018,43.3,173.2,803
1030,15648,15686,CAMBIO DE ACEITE Y FILTROS,38,14/05/2018,43.3,1645.4,804
1045,15686,15694,CAMBIO DE ACEITE Y FILTROS,8,14/05/2018,43.3,346.4,805
1064,15694,15712,CAMBIO DE ACEITE Y FILTROS,18,14/05/2018,43.3,779.4,806
1106,15712,15725,CAMBIO DE ACEITE Y FILTROS,13,15/05/2018,43.3,562.9,807
L009,15725,15731,RELLENO,6,16/05/2018,43.3,259.8,808
9,15731,15744,CAMBIO DE ACEITE Y FILTROS,13,16/05/2018,43.3,562.9,809
4,15744,15752,CAMBIO DE ACEITE Y FILTROS,8,19/05/2018,43.3,346.4,810
130,15752,15757,CAMBIO DE ACEITE Y FILTROS,5,19/05/2018,43.3,216.5,811
1086,15757,15782,CAMBIO DE ACEITE Y FILTROS,25,19/05/2018,43.3,1082.5,812
1074,15782,15788,CAMBIO DE ACEITE Y FILTROS,6,19/05/2018,43.3,259.8,813
2,15788,15796,CAMBIO DE ACEITE Y FILTROS,8,19/05/2018,43.3,346.4,814
L008,15796,15839,CAMBIO DE ACEITE Y FILTROS,43,21/05/2018,43.3,1861.9,815
1056,15839,15843,RELLENO,4,21/05/2018,43.3,173.2,816
1068,15843,15862,CAMBIO DE ACEITE Y FILTROS,19,23/05/2018,43.3,822.7,817
2,15862,15870,CAMBIO DE ACEITE Y FILTROS,8,23/05/2018,43.3,346.4,818
1049,15870,15889,RELLENO POR DA¥O EN CARTER,19,23/05/2018,43.3,822.7,819
1096,15889,15892,RELLENO,3,23/05/2018,43.3,129.9,820
1054,15892,15897,RELLENO,5,24/05/2018,43.3,216.5,821
1108,15897,15902,RELLENO,5,24/05/2018,43.3,216.5,822
1083,15902,15910,CAMBIO DE ACEITE Y FILTROS,8,24/05/2018,43.3,346.4,823
1104,15910,15923,CAMBIO DE ACEITE Y FILTROS,13,25/05/2018,43.3,562.9,824
1102,15923,15936,CAMBIO DE ACEITE Y FILTROS,13,25/05/2018,43.3,562.9,825
1007,15936,15942,RELLENO,6,25/05/2018,43.3,259.8,826
1053,15942,15945,RELLENO,3,25/05/2018,43.3,129.9,827
1018,15945,15953,RELLENO,8,25/05/2018,43.3,346.4,828
1076,15953,15958,CAMBIO DE ACEITE Y FILTROS,5,28/05/2018,43.3,216.5,829
1097,15958,15963,RELLENO,5,28/05/2018,43.3,216.5,830
1,15963,15971,CAMBIO DE ACEITE Y FILTROS,8,28/05/2018,43.3,346.4,831
1052,15971,15989,CAMBIO DE ACEITE Y FILTROS,18,29/05/2018,43.3,779.4,832
1070,15989,15999,CAMBIO DE ACEITE Y FILTROS,10,29/05/2018,43.3,433,833
133,15999,16003,CAMBIO DE ACEITE Y FILTROS,4,29/05/2018,43.3,173.2,834
5,16003,16011,CAMBIO DE ACEITE Y FILTROS,8,31/05/2018,43.3,346.4,835
1073,16011,16016,CAMBIO DE ACEITE Y FILTROS,5,31/05/2018,43.3,216.5,836
L012,16016,16059,CAMBIO DE ACEITE Y FILTROS,43,31/05/2018,43.3,1861.9,837
L011,16059,16102,CAMBIO DE ACEITE Y FILTROS,43,02/06/2018,43.3,1861.9,838
1018,16102,16141,CAMBIO DE ACEITE Y FILTROS,39,04/06/2018,43.3,1688.7,839
1103,16141,16154,CAMBIO DE ACEITE Y FILTROS,13,04/06/2018,43.3,562.9,840
1091,16154,16172,CAMBIO DE ACEITE Y FILTROS,18,05/06/2018,43.3,779.4,841
131,16172,16174,RELLENO,2,05/06/2018,43.3,86.6,842
1088,16174,16182,CAMBIO DE ACEITE Y FILTROS,8,07/06/2018,43.3,346.4,843
1061,16182,16190,CAMBIO DE ACEITE Y FILTROS,8,07/06/2018,43.3,346.4,844
1075,16190,16195,CAMBIO DE ACEITE Y FILTROS,5,07/06/2018,43.3,216.5,845
1072,16195,16200,CAMBIO DE ACEITE Y FILTROS,5,07/06/2018,43.3,216.5,846
1063,16200,16218,CAMBIO DE ACEITE Y FILTROS,18,09/06/2018,43.3,779.4,847
L014,16218,16261,CAMBIO DE ACEITE Y FILTROS,43,09/06/2018,43.3,1861.9,848
L008,16261,16267,RELLENO,6,09/06/2018,43.3,259.8,849
1090,16267,16270,RELLENO,3,11/06/2018,43.3,129.9,850
1077,16270,16275,CAMBIO DE ACEITE Y FILTROS,5,11/06/2018,43.3,216.5,851
7,16275,16288,CAMBIO DE ACEITE Y FILTROS,13,11/06/2018,43.3,562.9,852
L009,16288,16331,CAMBIO DE ACEITE Y FILTROS,43,12/06/2018,43.3,1861.9,853
1092,16331,16333,RELLENO,2,12/06/2018,43.3,86.6,854
1039,16333,16341,CAMBIO DE ACEITE Y FILTROS,8,14/06/2018,43.3,346.4,855
1101,16341,16354,CAMBIO DE ACEITE Y FILTROS,13,14/06/2018,43.3,562.9,856
1029,16354,16362,CAMBIO DE ACEITE Y FILTROS,8,14/06/2018,43.3,346.4,857
1106,16362,16375,CAMBIO DE ACEITE Y FILTROS,13,14/06/2018,43.3,562.9,858
4,16375,16383,CAMBIO DE ACEITE Y FILTROS,8,16/06/2018,43.3,346.4,859
131,16383,16387,CAMBIO DE ACEITE Y FILTROS,4,16/06/2018,43.3,173.2,860
1031,16387,16425,CAMBIO DE ACEITE Y FILTROS,38,16/06/2018,43.3,1645.4,861
1034,16425,16433,CAMBIO DE ACEITE Y FILTROS,8,18/06/2018,43.3,346.4,862
1087,16433,16441,CAMBIO DE ACEITE Y FILTROS,8,18/06/2018,43.3,346.4,863
1062,16441,16449,CAMBIO DE ACEITE Y FILTROS,8,18/06/2018,43.3,346.4,864
1105,16449,16462,CAMBIO DE ACEITE Y FILTROS,13,18/06/2018,43.3,562.9,865
1093,16462,16480,CAMBIO DE ACEITE Y FILTROS,18,18/06/2018,43.3,779.4,866
1094,16480,16498,CAMBIO DE ACEITE Y FILTROS,18,18/06/2018,43.3,779.4,867
143,16498,16502,CAMBIO DE ACEITE Y FILTROS,4,18/06/2018,43.3,173.2,868
1049,16502,16540,CAMBIO DE ACEITE Y FILTROS,38,18/06/2018,43.3,1645.4,869
1079,16540,16565,CAMBIO DE ACEITE Y FILTROS,25,20/06/2018,43.3,1082.5,870
1060,16565,16573,CAMBIO DE ACEITE Y FILTROS,8,20/06/2018,43.3,346.4,871
1090,16573,16591,CAMBIO DE ACEITE Y FILTROS,18,20/06/2018,43.3,779.4,872
1026,16591,16599,CAMBIO DE ACEITE Y FILTROS,8,20/06/2018,43.3,346.4,873
1025,16599,16607,CAMBIO DE ACEITE Y FILTROS,8,20/06/2018,43.3,346.4,874
1095,16607,16625,CAMBIO DE ACEITE Y FILTROS,18,20/06/2018,43.3,779.4,875
1066,16625,16631,RELLENO,6,20/06/2018,43.3,259.8,876
1032,16631,16635,RELLENO,4,21/06/2018,43.3,173.2,877
11,16635,16653,CAMBIO DE ACEITE Y FILTROS,18,21/06/2018,43.3,779.4,878
9,16653,16666,CAMBIO DE ACEITE Y FILTROS,13,23/06/2018,43.3,562.9,879
1081,16666,16673,CAMBIO DE ACEITE Y FILTROS,7,23/06/2018,43.3,303.1,880
8,16673,16686,CAMBIO DE ACEITE Y FILTROS,13,25/06/2018,43.3,562.9,881
1074,16686,16691,CAMBIO DE ACEITE Y FILTROS,5,26/06/2018,43.3,216.5,882
5,16691,16699,CAMBIO DE ACEITE Y FILTROS,8,26/06/2018,43.3,346.4,883
1053,16699,16704,RELLENO,5,27/06/2018,43.3,216.5,884
L013,16704,16747,CAMBIO DE ACEITE Y FILTROS,43,27/06/2018,43.3,1861.9,885
1030,16747,16751,RELLENO,4,27/06/2018,43.3,173.2,886
L008,16751,16794,CAMBIO DE ACEITE Y FILTROS,43,28/06/2018,43.3,1861.9,887
1084,16794,16800,RELLENO,6,28/06/2018,43.3,259.8,888
1104,16800,16813,CAMBIO DE ACEITE Y FILTROS,13,28/06/2018,43.3,562.9,889
1,16813,16821,CAMBIO DE ACEITE Y FILTROS,8,28/06/2018,43.3,346.4,890
1103,16821,16834,CAMBIO DE ACEITE Y FILTROS,13,29/06/2018,43.3,562.9,891
2,16834,16842,CAMBIO DE ACEITE Y FILTROS,8,29/06/2018,43.3,346.4,892
1102,16842,16855,CAMBIO DE ACEITE Y FILTROS,13,29/06/2018,43.3,562.9,893
136,16855,16859,CAMBIO DE ACEITE Y FILTROS,4,02/07/2018,43.3,173.2,894
1067,16859,16879,CAMBIO DE ACEITE Y FILTROS,20,02/07/2018,43.3,866,895
1073,16879,16884,CAMBIO DE ACEITE Y FILTROS,5,02/07/2018,43.3,216.5,896
1076,16884,16889,CAMBIO DE ACEITE Y FILTROS,5,02/07/2018,43.3,216.5,897
L009,16889,16897,RELLENO,8,04/07/2018,43.3,346.4,898
3,16897,16905,CAMBIO DE ACEITE Y FILTROS,8,04/07/2018,43.3,346.4,899
1070,16905,16908,RELLENO,3,05/07/2018,43.3,129.9,900
1084,16908,16932,CAMBIO DE ACEITE Y FILTROS,24,06/07/2018,43.3,1039.2,901
137,16932,16936,CAMBIO DE ACEITE Y FILTROS,4,06/07/2018,43.3,173.2,902
1036,16936,16938,RELLENO,2,06/07/2018,43.3,86.6,903
1080,16938,16940,RELLENO,2,06/07/2018,43.3,86.6,904
1036,16940,16948,CAMBIO DE ACEITE Y FILTROS,8,09/07/2018,43.3,346.4,905
1072,16948,16953,CAMBIO DE ACEITE Y FILTROS,5,09/07/2018,43.3,216.5,906
1098,16953,16956,RELLENO,3,10/07/2018,43.3,129.9,907
1031,16956,16962,RELLENO,6,10/07/2018,43.3,259.8,908
1037,16962,16970,CAMBIO DE ACEITE Y FILTROS,8,11/07/2018,43.3,346.4,909
1083,16970,16977,CAMBIO DE ACEITE Y FILTROS,7,11/07/2018,43.3,303.1,910
1069,16977,16987,CAMBIO DE ACEITE Y FILTROS,10,11/07/2018,43.3,433,911
1075,16987,16992,CAMBIO DE ACEITE Y FILTROS,5,11/07/2018,43.3,216.5,912
L014,16992,17035,CAMBIO DE ACEITE Y FILTROS,43,12/07/2018,43.3,1861.9,913
1096,17035,17038,RELLENO,3,13/07/2018,43.3,129.9,914
1061,17038,17046,CAMBIO DE ACEITE Y FILTROS,8,13/07/2018,43.3,346.4,915
4,17046,17054,CAMBIO DE ACEITE Y FILTROS,8,14/07/2018,43.3,346.4,916
1051,17054,17072,CAMBIO DE ACEITE Y FILTROS,18,16/07/2018,43.3,779.4,917
1085,17072,17096,CAMBIO DE ACEITE Y FILTROS,24,16/07/2018,43.3,1039.2,918
1101,17096,17109,CAMBIO DE ACEITE Y FILTROS,13,16/07/2018,43.3,562.9,919
1074,17109,17110,RELLENO,1,16/07/2018,43.3,43.3,920
9,17110,17111,RELLENO,1,16/07/2018,43.3,43.3,921
1066,17111,17130,CAMBIO DE ACEITE Y FILTROS,19,16/07/2018,43.3,822.7,922
1077,17130,17135,CAMBIO DE ACEITE Y FILTROS,5,16/07/2018,43.3,216.5,923
1105,17135,17148,CAMBIO DE ACEITE Y FILTROS,13,16/07/2018,43.3,562.9,924
131,17148,17150,RELLENO,2,19/07/2018,43.3,86.6,925
1032,17150,17153,RELLENO,3,19/07/2018,43.3,129.9,926
1050,17153,17171,CAMBIO DE ACEITE Y FILTROS,18,19/07/2018,43.3,779.4,927
L008,17171,17179,RELLENO,8,19/07/2018,43.3,346.4,928
1030,17179,17183,RELLENO,4,19/07/2018,43.3,173.2,929
1065,17183,17201,CAMBIO DE ACEITE Y FILTROS,18,20/07/2018,43.3,779.4,930
1074,17201,17206,CAMBIO DE ACEITE Y FILTROS,5,23/07/2018,43.3,216.5,931
135,17206,17210,CAMBIO DE ACEITE Y FILTROS,4,25/07/2018,43.3,173.2,932
1053,17210,17217,RELLENO,7,26/07/2018,43.3,303.1,933
1008,17217,17225,RELLENO,8,26/07/2018,43.3,346.4,934
L013,17225,17268,CAMBIO DE ACEITE Y FILTROS,43,26/07/2018,43.3,1861.9,935
131,17268,17272,RELLENO,4,27/07/2018,43.3,173.2,936
1092,17272,17290,CAMBIO DE ACEITE Y FILTROS,18,27/07/2018,43.3,779.4,937
1062,17290,17298,CAMBIO DE ACEITE Y FILTROS,8,27/07/2018,43.3,346.4,938
L009,17298,17303,RELLENO,5,27/07/2018,43.3,216.5,939
L011,17303,17308,RELLENO,5,27/07/2018,43.3,216.5,940
9,17308,17321,CAMBIO DE ACEITE Y FILTROS,13,27/07/2018,43.3,562.9,941
7,17321,17334,CAMBIO DE ACEITE Y FILTROS,13,27/07/2018,43.3,562.9,942
1087,17334,17342,CAMBIO DE ACEITE Y FILTROS,8,30/07/2018,43.3,346.4,943
1088,17342,17350,CAMBIO DE ACEITE Y FILTROS,8,30/07/2018,43.3,346.4,944
1032,17350,17388,CAMBIO DE ACEITE Y FILTROS,38,30/07/2018,43.3,1645.4,945
1104,17388,17401,CAMBIO DE ACEITE Y FILTROS,13,30/07/2018,43.3,562.9,946
1064,17401,17419,CAMBIO DE ACEITE Y FILTROS,18,30/07/2018,43.3,779.4,947
1060,17419,17426,CAMBIO DE ACEITE Y FILTROS,7,30/07/2018,43.3,303.1,948
139,17426,17430,CAMBIO DE ACEITE Y FILTROS,4,01/08/2018,43.3,173.2,949
1038,17430,17438,CAMBIO DE ACEITE Y FILTROS,8,02/08/2018,43.3,346.4,950
1102,17438,17451,CAMBIO DE ACEITE Y FILTROS,13,03/08/2018,43.3,562.9,951
2,17451,17459,CAMBIO DE ACEITE Y FILTROS,8,03/08/2018,43.3,346.4,952
1,17459,17467,CAMBIO DE ACEITE Y FILTROS,8,03/08/2018,43.3,346.4,953
1073,17467,17472,CAMBIO DE ACEITE Y FILTROS,5,06/08/2018,43.3,216.5,954
1018,17472,17478,RELLENO,6,06/08/2018,43.3,259.8,955
5,17478,17486,CAMBIO DE ACEITE Y FILTROS,8,06/08/2018,43.3,346.4,956
1090,17486,17488,RELLENO,2,06/08/2018,43.3,86.6,957
1068,17488,17494,RELLENO,6,06/08/2018,43.3,259.8,958
1098,17494,17497,RELLENO,3,06/08/2018,43.3,129.9,959
10,17497,17500,RELLENO,3,06/08/2018,43.3,129.9,960
1106,17500,17513,CAMBIO DE ACEITE Y FILTROS,13,06/08/2018,43.3,562.9,961
3,17513,17521,CAMBIO DE ACEITE Y FILTROS,8,06/08/2018,43.3,346.4,962
1103,17521,17534,CAMBIO DE ACEITE Y FILTROS,13,06/08/2018,43.3,562.9,963
1054,17534,17543,RELLENO,9,07/08/2018,43.3,389.7,964
1096,17543,17548,RELLENO,5,07/08/2018,43.3,216.5,965
131,17548,17550,RELLENO,2,07/08/2018,43.3,86.6,966
1077,17550,17555,CAMBIO DE ACEITE Y FILTROS,5,08/08/2018,43.3,216.5,967
8,17555,17568,CAMBIO DE ACEITE Y FILTROS,13,08/08/2018,43.3,562.9,968
1086,17568,17593,CAMBIO DE ACEITE Y FILTROS,25,08/08/2018,43.3,1082.5,969
1041,17593,17601,CAMBIO DE ACEITE Y FILTROS,8,10/08/2018,43.3,346.4,970
131,17601,17602,RELLENO,1,10/08/2018,43.3,43.3,971
1084,17602,17604,RELLENO,2,13/08/2018,43.3,86.6,972
1091,17604,17606,RELLENO,2,13/08/2018,43.3,86.6,973
1076,17606,17611,CAMBIO DE ACEITE Y FILTROS,5,13/08/2018,43.3,216.5,974
1085,17611,17616,RELLENO,5,13/08/2018,43.3,216.5,975
1105,17616,17629,CAMBIO DE ACEITE Y FILTROS,13,14/08/2018,43.3,562.9,976
1017,17629,17634,RELLENO,5,14/08/2018,43.3,216.5,977
5,17634,17636,RELLENO,2,14/08/2018,43.3,86.6,978
10,17636,17640,RELLENO,4,14/08/2018,43.3,173.2,979
143,17640,17644,CAMBIO DE ACEITE Y FILTROS,4,16/08/2018,43.3,173.2,980
1056,17644,17648,RELLENO,4,16/08/2018,43.3,173.2,981
L014,17648,17691,CAMBIO DE ACEITE Y FILTROS,43,16/08/2018,43.3,1861.9,982
